expense_id,employee_id,date,category,amount,status
EXP00001,TN0407,2026-03-06,Meals,312.71,Approved
EXP00002,TN0467,2026-03-08,Cab,1061.88,Rejected
EXP00003,TN0208,2026-04-21,Train,477.7,Rejected
EXP00004,TN0061,2026-05-17,Hotel,6203.1,Rejected
EXP00005,TN0033,2026-07-13,Internet,1378.41,Rejected
EXP00006,TN0435,2026-01-19,Train,4669.02,Approved
EXP00007,TN0149,2026-07-21,Internet,952.03,Approved
EXP00008,TN0145,2026-07-15,Cab,1046.32,Rejected
EXP00009,TN0016,2026-05-02,Flight,10768.75,Approved
EXP00010,TN0383,2026-04-11,Office Supplies,4048.18,Rejected
EXP00011,TN0152,2026-09-03,Internet,716.11,Rejected
EXP00012,TN0455,2026-08-23,Office Supplies,4375.55,Rejected
EXP00013,TN0192,2026-09-03,Hotel,5517.49,Rejected
EXP00014,TN0073,2026-02-01,Hotel,1239.23,Rejected
EXP00015,TN0202,2026-05-18,Meals,1715.17,Pending
EXP00016,TN0108,2026-07-11,Internet,1855.32,Pending
EXP00017,TN0109,2026-04-16,Internet,1777.19,Approved
EXP00018,TN0083,2026-02-17,Flight,12061.72,Pending
EXP00019,TN0100,2026-01-30,Flight,12900.16,Rejected
EXP00020,TN0437,2026-01-14,Office Supplies,3829.9,Rejected
EXP00021,TN0237,2026-06-15,Meals,317.03,Rejected
EXP00022,TN0035,2026-03-06,Hotel,2739.86,Rejected
EXP00023,TN0250,2026-09-01,Train,2042.84,Rejected
EXP00024,TN0336,2026-03-02,Hotel,3424.07,Approved
EXP00025,TN0461,2026-02-19,Train,2634.96,Pending
EXP00026,TN0316,2026-06-18,Train,3589.91,Approved
EXP00027,TN0290,2026-05-26,Train,4115.42,Pending
EXP00028,TN0087,2026-01-02,Train,1532.41,Approved
EXP00029,TN0365,2026-07-09,Internet,1154.19,Pending
EXP00030,TN0069,2026-06-23,Internet,997.34,Pending
EXP00031,TN0237,2026-04-25,Train,3963.93,Pending
EXP00032,TN0283,2026-01-28,Flight,12506.05,Approved
EXP00033,TN0431,2026-03-13,Office Supplies,4184.29,Rejected
EXP00034,TN0101,2026-03-09,Internet,1829.5,Approved
EXP00035,TN0373,2026-01-20,Hotel,7826.78,Rejected
EXP00036,TN0016,2026-07-28,Meals,1126.24,Rejected
EXP00037,TN0109,2026-08-21,Hotel,5502.43,Rejected
EXP00038,TN0458,2026-05-19,Cab,1686.68,Approved
EXP00039,TN0188,2026-04-11,Flight,16317.28,Rejected
EXP00040,TN0376,2026-08-08,Train,1015.85,Rejected
EXP00041,TN0262,2026-01-24,Cab,1005.08,Approved
EXP00042,TN0340,2026-03-03,Office Supplies,4830.8,Rejected
EXP00043,TN0351,2026-02-12,Office Supplies,2716.44,Pending
EXP00044,TN0082,2026-02-15,Meals,1717.94,Rejected
EXP00045,TN0447,2026-09-05,Flight,13906.76,Pending
EXP00046,TN0481,2026-04-02,Hotel,2906.79,Pending
EXP00047,TN0119,2026-01-17,Train,2099.4,Approved
EXP00048,TN0343,2026-02-22,Meals,1652.36,Pending
EXP00049,TN0199,2026-05-01,Cab,2221.65,Approved
EXP00050,TN0333,2026-03-24,Hotel,6689.14,Rejected
EXP00051,TN0325,2026-08-01,Train,4240.41,Pending
EXP00052,TN0297,2026-05-20,Meals,478.16,Rejected
EXP00053,TN0194,2026-04-04,Meals,1245.34,Approved
EXP00054,TN0265,2026-03-06,Cab,2435.78,Approved
EXP00055,TN0265,2026-04-14,Train,4159.29,Pending
EXP00056,TN0250,2026-07-22,Cab,2234.85,Approved
EXP00057,TN0257,2026-08-14,Flight,9318.43,Approved
EXP00058,TN0040,2026-05-12,Internet,921.21,Approved
EXP00059,TN0096,2026-02-10,Train,3169.29,Approved
EXP00060,TN0339,2026-02-28,Cab,2056.26,Rejected
EXP00061,TN0059,2026-05-04,Internet,1218.22,Approved
EXP00062,TN0303,2026-02-11,Internet,1750.05,Approved
EXP00063,TN0125,2026-01-12,Flight,11389.04,Approved
EXP00064,TN0069,2026-06-11,Meals,262.71,Rejected
EXP00065,TN0076,2026-01-15,Flight,6503.02,Approved
EXP00066,TN0265,2026-09-03,Cab,1558.49,Rejected
EXP00067,TN0327,2026-01-05,Internet,1591.96,Pending
EXP00068,TN0485,2026-01-22,Flight,9462.65,Pending
EXP00069,TN0445,2026-05-04,Flight,5900.14,Pending
EXP00070,TN0308,2026-02-06,Office Supplies,3038.44,Approved
EXP00071,TN0320,2026-06-18,Meals,623.23,Rejected
EXP00072,TN0352,2026-03-29,Cab,1551.85,Approved
EXP00073,TN0118,2026-04-07,Cab,460.7,Approved
EXP00074,TN0104,2026-05-14,Office Supplies,4573.89,Rejected
EXP00075,TN0215,2026-07-31,Flight,11885.42,Approved
EXP00076,TN0244,2026-08-19,Meals,1159.7,Rejected
EXP00077,TN0258,2026-07-12,Hotel,1926.88,Rejected
EXP00078,TN0067,2026-08-19,Meals,1062.86,Approved
EXP00079,TN0460,2026-08-29,Office Supplies,3489.23,Pending
EXP00080,TN0268,2026-04-18,Train,4424.19,Rejected
EXP00081,TN0272,2026-04-20,Flight,17045.54,Pending
EXP00082,TN0405,2026-07-16,Cab,973.72,Rejected
EXP00083,TN0465,2026-07-14,Office Supplies,3574.53,Approved
EXP00084,TN0218,2026-02-04,Train,2594.85,Approved
EXP00085,TN0466,2026-08-08,Hotel,3409.48,Rejected
EXP00086,TN0210,2026-03-07,Flight,2584.78,Rejected
EXP00087,TN0405,2026-01-02,Meals,1036.07,Rejected
EXP00088,TN0004,2026-04-07,Internet,808.13,Pending
EXP00089,TN0210,2026-04-03,Hotel,2407.27,Rejected
EXP00090,TN0300,2026-03-06,Train,4332.89,Pending
EXP00091,TN0290,2026-04-04,Meals,640.9,Rejected
EXP00092,TN0204,2026-07-13,Flight,8905.04,Rejected
EXP00093,TN0248,2026-02-15,Train,2971.83,Pending
EXP00094,TN0130,2026-03-20,Meals,750.97,Rejected
EXP00095,TN0204,2026-07-08,Flight,15752.48,Rejected
EXP00096,TN0061,2026-07-11,Flight,9422.22,Rejected
EXP00097,TN0487,2026-02-11,Hotel,2872.77,Pending
EXP00098,TN0403,2026-03-28,Office Supplies,2887.71,Rejected
EXP00099,TN0351,2026-06-30,Hotel,2453.76,Rejected
EXP00100,TN0003,2026-07-25,Hotel,7621.39,Pending
EXP00101,TN0475,2026-06-03,Cab,357.13,Pending
EXP00102,TN0114,2026-04-05,Hotel,5950.43,Rejected
EXP00103,TN0197,2026-08-27,Cab,1592.82,Rejected
EXP00104,TN0147,2026-07-02,Meals,291.94,Approved
EXP00105,TN0328,2026-05-07,Cab,175.17,Rejected
EXP00106,TN0477,2026-07-25,Meals,657.61,Approved
EXP00107,TN0402,2026-06-03,Meals,1025.3,Approved
EXP00108,TN0315,2026-02-13,Internet,554.09,Approved
EXP00109,TN0336,2026-01-01,Flight,3846.06,Pending
EXP00110,TN0400,2026-04-13,Train,3480.45,Pending
EXP00111,TN0301,2026-02-21,Meals,224.59,Rejected
EXP00112,TN0036,2026-08-24,Hotel,5486.82,Rejected
EXP00113,TN0425,2026-05-24,Meals,756.95,Pending
EXP00114,TN0116,2026-06-05,Flight,9548.76,Pending
EXP00115,TN0295,2026-01-02,Train,1205.16,Rejected
EXP00116,TN0055,2026-05-24,Hotel,5124.72,Pending
EXP00117,TN0485,2026-01-30,Office Supplies,2712.45,Pending
EXP00118,TN0449,2026-05-18,Office Supplies,4028.93,Pending
EXP00119,TN0356,2026-04-24,Cab,1473.45,Approved
EXP00120,TN0388,2026-03-28,Office Supplies,2456.59,Pending
EXP00121,TN0460,2026-05-31,Office Supplies,428.55,Approved
EXP00122,TN0133,2026-01-18,Cab,1639.11,Approved
EXP00123,TN0347,2026-06-29,Flight,14902.5,Pending
EXP00124,TN0490,2026-04-01,Meals,1057.04,Rejected
EXP00125,TN0427,2026-03-09,Flight,6952.99,Pending
EXP00126,TN0345,2026-07-11,Office Supplies,1907.37,Rejected
EXP00127,TN0477,2026-02-15,Cab,887.6,Approved
EXP00128,TN0458,2026-05-27,Train,1240.81,Rejected
EXP00129,TN0350,2026-08-27,Flight,10234.49,Approved
EXP00130,TN0121,2026-07-08,Flight,16027.51,Approved
EXP00131,TN0118,2026-02-21,Office Supplies,1473.57,Rejected
EXP00132,TN0183,2026-02-09,Office Supplies,801.44,Approved
EXP00133,TN0347,2026-09-02,Internet,1239.0,Approved
EXP00134,TN0392,2026-08-08,Meals,1732.79,Pending
EXP00135,TN0191,2026-06-08,Train,2664.77,Rejected
EXP00136,TN0445,2026-03-12,Cab,579.75,Rejected
EXP00137,TN0144,2026-04-12,Flight,14127.63,Approved
EXP00138,TN0028,2026-05-15,Office Supplies,2288.93,Rejected
EXP00139,TN0017,2026-05-09,Train,2211.1,Rejected
EXP00140,TN0398,2026-02-14,Cab,2444.79,Rejected
EXP00141,TN0266,2026-04-28,Train,3570.37,Approved
EXP00142,TN0346,2026-02-23,Cab,1515.37,Pending
EXP00143,TN0186,2026-06-06,Office Supplies,1520.59,Rejected
EXP00144,TN0135,2026-03-02,Train,2568.19,Rejected
EXP00145,TN0176,2026-04-04,Flight,10230.94,Approved
EXP00146,TN0215,2026-06-29,Office Supplies,2049.86,Pending
EXP00147,TN0144,2026-04-26,Flight,11356.85,Rejected
EXP00148,TN0352,2026-02-28,Office Supplies,769.39,Pending
EXP00149,TN0412,2026-03-02,Meals,891.55,Pending
EXP00150,TN0101,2026-02-07,Office Supplies,4808.0,Approved
EXP00151,TN0243,2026-07-26,Hotel,2577.54,Pending
EXP00152,TN0069,2026-08-17,Office Supplies,3264.06,Rejected
EXP00153,TN0369,2026-03-22,Office Supplies,2587.11,Pending
EXP00154,TN0288,2026-08-08,Meals,276.33,Approved
EXP00155,TN0354,2026-02-11,Hotel,2880.65,Pending
EXP00156,TN0244,2026-08-03,Internet,644.45,Rejected
EXP00157,TN0172,2026-03-08,Train,2057.41,Rejected
EXP00158,TN0478,2026-07-27,Train,1983.05,Pending
EXP00159,TN0063,2026-03-31,Office Supplies,3494.05,Rejected
EXP00160,TN0102,2026-05-28,Meals,1239.78,Rejected
EXP00161,TN0090,2026-09-08,Office Supplies,1637.66,Pending
EXP00162,TN0345,2026-05-11,Cab,1970.65,Pending
EXP00163,TN0456,2026-01-21,Cab,1592.11,Pending
EXP00164,TN0324,2026-09-02,Flight,15957.99,Rejected
EXP00165,TN0414,2026-08-26,Train,2340.36,Rejected
EXP00166,TN0293,2026-04-14,Office Supplies,4563.24,Approved
EXP00167,TN0083,2026-03-29,Flight,7358.97,Rejected
EXP00168,TN0150,2026-07-01,Train,3184.77,Pending
EXP00169,TN0139,2026-08-16,Cab,1985.29,Pending
EXP00170,TN0383,2026-05-31,Meals,1744.84,Pending
EXP00171,TN0086,2026-02-17,Office Supplies,408.58,Rejected
EXP00172,TN0121,2026-06-19,Train,4726.01,Rejected
EXP00173,TN0384,2026-01-21,Flight,5087.11,Approved
EXP00174,TN0049,2026-01-17,Cab,1438.82,Approved
EXP00175,TN0395,2026-04-12,Meals,1423.99,Approved
EXP00176,TN0054,2026-03-09,Meals,448.44,Rejected
EXP00177,TN0477,2026-08-15,Cab,877.02,Approved
EXP00178,TN0378,2026-03-14,Cab,1622.23,Approved
EXP00179,TN0270,2026-08-03,Flight,2942.86,Rejected
EXP00180,TN0183,2026-08-09,Train,4375.51,Pending
EXP00181,TN0500,2026-08-11,Meals,1695.77,Rejected
EXP00182,TN0228,2026-02-04,Internet,1308.93,Rejected
EXP00183,TN0306,2026-04-27,Internet,1623.37,Rejected
EXP00184,TN0223,2026-05-15,Internet,1459.29,Pending
EXP00185,TN0466,2026-03-30,Cab,1418.22,Approved
EXP00186,TN0227,2026-03-20,Train,2296.14,Approved
EXP00187,TN0156,2026-01-03,Hotel,5281.87,Approved
EXP00188,TN0177,2026-03-15,Cab,1407.48,Rejected
EXP00189,TN0473,2026-05-06,Office Supplies,2542.22,Approved
EXP00190,TN0393,2026-04-21,Office Supplies,1676.74,Approved
EXP00191,TN0408,2026-01-02,Meals,797.83,Pending
EXP00192,TN0452,2026-05-24,Cab,1077.67,Approved
EXP00193,TN0367,2026-07-08,Internet,1084.58,Pending
EXP00194,TN0113,2026-03-09,Hotel,4493.47,Approved
EXP00195,TN0265,2026-07-15,Office Supplies,4576.79,Rejected
EXP00196,TN0351,2026-03-11,Train,3382.9,Rejected
EXP00197,TN0415,2026-03-10,Cab,591.8,Approved
EXP00198,TN0094,2026-02-04,Train,907.64,Pending
EXP00199,TN0317,2026-04-26,Train,3622.17,Pending
EXP00200,TN0097,2026-03-24,Hotel,2386.76,Rejected
EXP00201,TN0012,2026-02-17,Hotel,3400.49,Approved
EXP00202,TN0367,2026-04-23,Internet,512.31,Approved
EXP00203,TN0078,2026-01-04,Cab,660.39,Pending
EXP00204,TN0160,2026-07-21,Office Supplies,2642.46,Pending
EXP00205,TN0238,2026-06-28,Office Supplies,449.16,Approved
EXP00206,TN0432,2026-07-12,Flight,3368.59,Pending
EXP00207,TN0037,2026-05-20,Cab,576.77,Pending
EXP00208,TN0419,2026-04-08,Office Supplies,359.29,Rejected
EXP00209,TN0128,2026-04-09,Office Supplies,4882.37,Approved
EXP00210,TN0378,2026-01-09,Flight,9642.94,Approved
EXP00211,TN0267,2026-06-20,Flight,9828.8,Rejected
EXP00212,TN0493,2026-03-21,Train,1129.61,Rejected
EXP00213,TN0022,2026-07-10,Meals,1033.48,Pending
EXP00214,TN0247,2026-06-13,Train,1314.13,Approved
EXP00215,TN0443,2026-06-20,Flight,17585.75,Approved
EXP00216,TN0325,2026-04-22,Train,469.31,Pending
EXP00217,TN0300,2026-01-31,Cab,2004.49,Approved
EXP00218,TN0497,2026-01-11,Meals,1453.56,Pending
EXP00219,TN0353,2026-06-02,Flight,8256.68,Approved
EXP00220,TN0128,2026-02-10,Cab,364.79,Rejected
EXP00221,TN0174,2026-08-27,Office Supplies,3238.12,Approved
EXP00222,TN0183,2026-06-15,Flight,13370.59,Approved
EXP00223,TN0065,2026-05-05,Flight,7409.46,Rejected
EXP00224,TN0404,2026-06-15,Office Supplies,1932.39,Pending
EXP00225,TN0376,2026-02-19,Hotel,6576.15,Pending
EXP00226,TN0371,2026-02-04,Train,4533.85,Pending
EXP00227,TN0362,2026-04-23,Meals,671.54,Rejected
EXP00228,TN0251,2026-02-18,Meals,498.6,Pending
EXP00229,TN0166,2026-07-07,Cab,797.01,Rejected
EXP00230,TN0469,2026-08-09,Meals,456.55,Rejected
EXP00231,TN0080,2026-04-26,Train,4169.33,Rejected
EXP00232,TN0188,2026-04-27,Hotel,7252.16,Rejected
EXP00233,TN0195,2026-07-07,Flight,16185.45,Rejected
EXP00234,TN0439,2026-04-04,Office Supplies,3214.93,Pending
EXP00235,TN0370,2026-01-17,Internet,1950.74,Pending
EXP00236,TN0098,2026-05-15,Internet,1246.32,Rejected
EXP00237,TN0079,2026-06-06,Train,1883.96,Rejected
EXP00238,TN0165,2026-01-29,Hotel,5280.96,Approved
EXP00239,TN0023,2026-08-02,Flight,5268.9,Approved
EXP00240,TN0104,2026-01-28,Cab,600.3,Approved
EXP00241,TN0293,2026-06-14,Office Supplies,2126.41,Pending
EXP00242,TN0270,2026-06-09,Internet,1385.45,Approved
EXP00243,TN0188,2026-02-26,Meals,1348.55,Approved
EXP00244,TN0477,2026-08-24,Flight,12664.12,Approved
EXP00245,TN0240,2026-07-25,Internet,591.05,Rejected
EXP00246,TN0381,2026-08-29,Cab,2081.76,Rejected
EXP00247,TN0030,2026-07-30,Meals,625.31,Approved
EXP00248,TN0376,2026-01-19,Office Supplies,1728.35,Approved
EXP00249,TN0492,2026-05-13,Hotel,1989.56,Approved
EXP00250,TN0273,2026-04-09,Flight,5493.35,Rejected
EXP00251,TN0128,2026-05-26,Internet,1921.26,Rejected
EXP00252,TN0384,2026-05-23,Cab,1903.35,Rejected
EXP00253,TN0296,2026-04-02,Internet,1188.08,Rejected
EXP00254,TN0219,2026-08-15,Hotel,2501.11,Approved
EXP00255,TN0282,2026-04-13,Meals,740.02,Approved
EXP00256,TN0274,2026-06-03,Cab,2343.77,Pending
EXP00257,TN0282,2026-03-25,Office Supplies,2047.08,Rejected
EXP00258,TN0221,2026-07-31,Internet,985.18,Approved
EXP00259,TN0289,2026-05-20,Flight,8313.48,Rejected
EXP00260,TN0475,2026-07-10,Train,2056.04,Pending
EXP00261,TN0230,2026-09-03,Cab,150.46,Approved
EXP00262,TN0146,2026-06-02,Hotel,5237.35,Pending
EXP00263,TN0004,2026-03-18,Flight,5829.75,Pending
EXP00264,TN0012,2026-07-17,Office Supplies,4733.74,Pending
EXP00265,TN0471,2026-05-22,Meals,1090.12,Rejected
EXP00266,TN0080,2026-01-25,Hotel,4790.88,Approved
EXP00267,TN0071,2026-03-09,Train,4492.28,Approved
EXP00268,TN0120,2026-03-07,Office Supplies,1711.42,Rejected
EXP00269,TN0205,2026-05-26,Flight,13881.12,Rejected
EXP00270,TN0167,2026-07-22,Cab,556.32,Rejected
EXP00271,TN0360,2026-05-28,Office Supplies,4565.98,Rejected
EXP00272,TN0329,2026-03-18,Hotel,6900.16,Rejected
EXP00273,TN0196,2026-01-21,Office Supplies,562.84,Pending
EXP00274,TN0179,2026-08-14,Office Supplies,2341.23,Approved
EXP00275,TN0446,2026-07-17,Flight,14089.02,Rejected
EXP00276,TN0476,2026-01-03,Internet,1666.13,Pending
EXP00277,TN0028,2026-03-20,Meals,265.89,Rejected
EXP00278,TN0290,2026-02-08,Train,2711.05,Approved
EXP00279,TN0079,2026-01-13,Internet,1597.37,Pending
EXP00280,TN0498,2026-04-25,Office Supplies,3097.12,Rejected
EXP00281,TN0047,2026-02-26,Cab,830.99,Pending
EXP00282,TN0076,2026-02-03,Train,779.71,Rejected
EXP00283,TN0382,2026-01-13,Meals,838.71,Approved
EXP00284,TN0205,2026-05-09,Cab,1968.49,Approved
EXP00285,TN0391,2026-02-04,Cab,1464.35,Pending
EXP00286,TN0203,2026-06-16,Meals,513.76,Rejected
EXP00287,TN0377,2026-05-15,Flight,6255.88,Pending
EXP00288,TN0398,2026-04-21,Train,3549.79,Rejected
EXP00289,TN0046,2026-01-29,Internet,1120.37,Pending
EXP00290,TN0179,2026-02-18,Train,1984.81,Rejected
EXP00291,TN0013,2026-07-17,Train,1178.57,Pending
EXP00292,TN0316,2026-07-30,Office Supplies,2378.39,Approved
EXP00293,TN0226,2026-01-12,Office Supplies,1397.4,Rejected
EXP00294,TN0192,2026-02-09,Office Supplies,3723.89,Approved
EXP00295,TN0058,2026-07-09,Hotel,3095.78,Rejected
EXP00296,TN0475,2026-02-07,Office Supplies,4212.49,Pending
EXP00297,TN0008,2026-03-29,Internet,1706.42,Pending
EXP00298,TN0231,2026-05-01,Hotel,3788.64,Rejected
EXP00299,TN0276,2026-02-24,Flight,10969.58,Pending
EXP00300,TN0281,2026-05-04,Meals,1367.88,Approved
EXP00301,TN0356,2026-06-28,Internet,527.58,Rejected
EXP00302,TN0464,2026-06-19,Meals,269.57,Approved
EXP00303,TN0031,2026-03-14,Flight,14732.42,Rejected
EXP00304,TN0139,2026-01-14,Cab,1688.68,Approved
EXP00305,TN0035,2026-04-10,Internet,906.97,Rejected
EXP00306,TN0185,2026-08-10,Hotel,1348.81,Rejected
EXP00307,TN0198,2026-03-01,Cab,1345.07,Rejected
EXP00308,TN0051,2026-08-20,Train,2629.45,Rejected
EXP00309,TN0273,2026-01-23,Flight,5582.57,Pending
EXP00310,TN0288,2026-08-26,Internet,532.23,Approved
EXP00311,TN0473,2026-05-16,Train,1934.42,Pending
EXP00312,TN0382,2026-02-10,Hotel,3904.88,Pending
EXP00313,TN0182,2026-06-10,Train,1486.54,Rejected
EXP00314,TN0142,2026-07-27,Hotel,6081.18,Pending
EXP00315,TN0456,2026-07-28,Hotel,8564.27,Pending
EXP00316,TN0116,2026-02-08,Train,4527.01,Rejected
EXP00317,TN0071,2026-01-23,Internet,1073.31,Rejected
EXP00318,TN0314,2026-08-12,Internet,1529.78,Pending
EXP00319,TN0124,2026-05-27,Flight,9110.21,Pending
EXP00320,TN0466,2026-06-04,Train,2466.18,Approved
EXP00321,TN0106,2026-06-17,Flight,11505.98,Rejected
EXP00322,TN0410,2026-02-21,Office Supplies,949.12,Rejected
EXP00323,TN0362,2026-08-19,Meals,1655.3,Pending
EXP00324,TN0466,2026-09-07,Office Supplies,982.22,Rejected
EXP00325,TN0470,2026-02-10,Train,711.94,Rejected
EXP00326,TN0486,2026-07-04,Hotel,2636.25,Approved
EXP00327,TN0373,2026-01-08,Office Supplies,1797.83,Pending
EXP00328,TN0493,2026-04-16,Train,2437.82,Rejected
EXP00329,TN0478,2026-07-09,Train,1099.0,Approved
EXP00330,TN0055,2026-02-03,Flight,2906.07,Rejected
EXP00331,TN0316,2026-03-10,Meals,1107.27,Approved
EXP00332,TN0306,2026-03-01,Flight,13154.36,Pending
EXP00333,TN0041,2026-06-26,Office Supplies,2540.03,Rejected
EXP00334,TN0434,2026-06-04,Cab,1823.24,Pending
EXP00335,TN0095,2026-08-07,Cab,1304.9,Approved
EXP00336,TN0084,2026-02-19,Flight,2999.56,Approved
EXP00337,TN0474,2026-03-11,Cab,673.0,Rejected
EXP00338,TN0104,2026-07-13,Flight,3525.11,Pending
EXP00339,TN0444,2026-06-07,Cab,1766.48,Pending
EXP00340,TN0455,2026-03-05,Cab,1101.44,Approved
EXP00341,TN0312,2026-07-08,Office Supplies,2087.76,Pending
EXP00342,TN0202,2026-06-06,Internet,1357.9,Rejected
EXP00343,TN0269,2026-06-14,Internet,1680.38,Rejected
EXP00344,TN0056,2026-04-26,Cab,2093.47,Approved
EXP00345,TN0450,2026-03-04,Meals,1060.59,Rejected
EXP00346,TN0021,2026-05-23,Cab,1362.9,Rejected
EXP00347,TN0493,2026-01-13,Flight,7013.28,Pending
EXP00348,TN0453,2026-03-19,Office Supplies,4189.82,Pending
EXP00349,TN0086,2026-04-19,Train,3220.42,Approved
EXP00350,TN0354,2026-05-13,Flight,9685.47,Rejected
EXP00351,TN0232,2026-01-24,Internet,1250.99,Approved
EXP00352,TN0399,2026-05-30,Internet,1319.61,Pending
EXP00353,TN0212,2026-03-24,Cab,208.54,Pending
EXP00354,TN0303,2026-08-18,Internet,1843.69,Pending
EXP00355,TN0047,2026-03-06,Train,3581.9,Rejected
EXP00356,TN0408,2026-02-11,Internet,1599.89,Approved
EXP00357,TN0059,2026-06-30,Cab,1640.07,Approved
EXP00358,TN0269,2026-07-01,Cab,1858.15,Rejected
EXP00359,TN0314,2026-09-01,Flight,8369.52,Pending
EXP00360,TN0023,2026-07-16,Flight,16639.92,Rejected
EXP00361,TN0447,2026-06-18,Office Supplies,1005.42,Approved
EXP00362,TN0092,2026-07-16,Internet,576.97,Pending
EXP00363,TN0159,2026-07-06,Office Supplies,4816.54,Pending
EXP00364,TN0321,2026-02-16,Hotel,8208.63,Approved
EXP00365,TN0002,2026-06-09,Office Supplies,1489.62,Pending
EXP00366,TN0255,2026-08-07,Cab,1427.23,Approved
EXP00367,TN0312,2026-08-14,Cab,709.01,Rejected
EXP00368,TN0338,2026-05-02,Cab,1113.86,Approved
EXP00369,TN0308,2026-06-03,Hotel,3108.76,Rejected
EXP00370,TN0143,2026-06-08,Internet,1336.32,Approved
EXP00371,TN0026,2026-02-17,Flight,3353.49,Pending
EXP00372,TN0019,2026-02-07,Office Supplies,452.43,Rejected
EXP00373,TN0430,2026-06-04,Train,1923.11,Approved
EXP00374,TN0026,2026-01-28,Cab,2485.28,Approved
EXP00375,TN0345,2026-03-14,Meals,1257.48,Rejected
EXP00376,TN0305,2026-05-27,Office Supplies,2942.23,Pending
EXP00377,TN0384,2026-05-29,Train,4684.81,Approved
EXP00378,TN0394,2026-03-18,Train,2095.42,Pending
EXP00379,TN0420,2026-01-18,Office Supplies,2308.42,Rejected
EXP00380,TN0034,2026-03-16,Cab,466.18,Rejected
EXP00381,TN0441,2026-03-12,Train,2824.44,Rejected
EXP00382,TN0108,2026-06-28,Flight,11986.83,Approved
EXP00383,TN0293,2026-07-06,Internet,1293.42,Approved
EXP00384,TN0248,2026-07-05,Internet,1407.17,Rejected
EXP00385,TN0148,2026-04-20,Meals,1556.48,Pending
EXP00386,TN0270,2026-05-28,Meals,766.17,Approved
EXP00387,TN0315,2026-05-25,Cab,1371.31,Rejected
EXP00388,TN0255,2026-05-07,Office Supplies,1145.56,Rejected
EXP00389,TN0120,2026-07-01,Train,4904.59,Approved
EXP00390,TN0061,2026-01-07,Cab,1619.83,Approved
EXP00391,TN0378,2026-08-06,Flight,14893.25,Pending
EXP00392,TN0212,2026-01-12,Train,2008.39,Rejected
EXP00393,TN0109,2026-01-03,Internet,801.78,Pending
EXP00394,TN0131,2026-07-22,Hotel,3600.63,Rejected
EXP00395,TN0282,2026-03-24,Office Supplies,328.82,Rejected
EXP00396,TN0171,2026-03-29,Cab,1852.33,Rejected
EXP00397,TN0492,2026-01-08,Office Supplies,1125.46,Pending
EXP00398,TN0427,2026-03-28,Internet,1218.66,Pending
EXP00399,TN0409,2026-01-10,Internet,703.63,Approved
EXP00400,TN0322,2026-04-28,Office Supplies,2823.75,Pending
EXP00401,TN0237,2026-07-20,Office Supplies,2245.58,Rejected
EXP00402,TN0029,2026-08-02,Meals,678.95,Rejected
EXP00403,TN0348,2026-03-22,Meals,1057.42,Approved
EXP00404,TN0296,2026-06-25,Train,4077.86,Pending
EXP00405,TN0034,2026-09-06,Flight,6847.13,Approved
EXP00406,TN0174,2026-04-07,Internet,1301.41,Approved
EXP00407,TN0293,2026-06-05,Cab,590.34,Approved
EXP00408,TN0443,2026-07-20,Office Supplies,1748.92,Pending
EXP00409,TN0364,2026-01-09,Train,2303.8,Pending
EXP00410,TN0450,2026-03-02,Train,2478.77,Pending
EXP00411,TN0111,2026-05-15,Train,1205.06,Pending
EXP00412,TN0402,2026-01-10,Office Supplies,1249.86,Approved
EXP00413,TN0228,2026-05-10,Hotel,7432.4,Rejected
EXP00414,TN0079,2026-02-18,Train,4648.73,Rejected
EXP00415,TN0448,2026-05-15,Train,3967.45,Approved
EXP00416,TN0394,2026-08-12,Hotel,7612.68,Rejected
EXP00417,TN0347,2026-02-03,Flight,13730.84,Pending
EXP00418,TN0199,2026-07-02,Office Supplies,2755.02,Approved
EXP00419,TN0160,2026-08-27,Hotel,6559.01,Rejected
EXP00420,TN0447,2026-01-23,Train,2547.63,Approved
EXP00421,TN0053,2026-05-14,Office Supplies,3397.23,Pending
EXP00422,TN0012,2026-05-28,Office Supplies,1767.07,Approved
EXP00423,TN0165,2026-02-21,Flight,6941.79,Rejected
EXP00424,TN0164,2026-07-17,Cab,1727.14,Pending
EXP00425,TN0077,2026-02-10,Train,926.52,Rejected
EXP00426,TN0287,2026-05-12,Hotel,2811.3,Pending
EXP00427,TN0282,2026-03-23,Train,1051.16,Rejected
EXP00428,TN0412,2026-03-14,Meals,591.72,Approved
EXP00429,TN0160,2026-06-06,Train,2886.65,Approved
EXP00430,TN0067,2026-01-08,Cab,2272.74,Approved
EXP00431,TN0055,2026-04-09,Hotel,1871.73,Pending
EXP00432,TN0092,2026-06-30,Meals,1626.04,Rejected
EXP00433,TN0429,2026-06-26,Internet,1168.75,Pending
EXP00434,TN0160,2026-03-27,Office Supplies,1231.29,Rejected
EXP00435,TN0415,2026-05-17,Hotel,8794.72,Pending
EXP00436,TN0291,2026-02-03,Hotel,7540.24,Rejected
EXP00437,TN0240,2026-01-25,Cab,879.42,Rejected
EXP00438,TN0364,2026-07-16,Cab,1255.78,Approved
EXP00439,TN0074,2026-08-09,Meals,612.88,Pending
EXP00440,TN0201,2026-02-16,Internet,1875.9,Pending
EXP00441,TN0404,2026-08-09,Train,2485.1,Approved
EXP00442,TN0034,2026-05-02,Hotel,3941.24,Pending
EXP00443,TN0434,2026-02-13,Train,3932.53,Rejected
EXP00444,TN0295,2026-02-02,Meals,364.69,Rejected
EXP00445,TN0408,2026-01-28,Train,2958.29,Approved
EXP00446,TN0406,2026-03-19,Meals,937.56,Rejected
EXP00447,TN0212,2026-03-03,Meals,589.91,Approved
EXP00448,TN0499,2026-05-04,Cab,305.24,Approved
EXP00449,TN0417,2026-06-27,Meals,889.84,Pending
EXP00450,TN0291,2026-07-21,Train,2904.82,Approved
EXP00451,TN0089,2026-06-19,Internet,616.84,Rejected
EXP00452,TN0294,2026-08-03,Cab,418.66,Rejected
EXP00453,TN0238,2026-03-25,Meals,356.25,Pending
EXP00454,TN0091,2026-03-20,Cab,313.58,Approved
EXP00455,TN0351,2026-07-28,Meals,1434.15,Pending
EXP00456,TN0168,2026-05-07,Internet,1490.25,Approved
EXP00457,TN0112,2026-07-29,Flight,16252.55,Rejected
EXP00458,TN0415,2026-01-01,Office Supplies,989.61,Approved
EXP00459,TN0232,2026-05-17,Train,2193.92,Rejected
EXP00460,TN0229,2026-02-20,Flight,13063.51,Pending
EXP00461,TN0154,2026-05-26,Office Supplies,4592.06,Pending
EXP00462,TN0471,2026-08-30,Cab,1836.81,Pending
EXP00463,TN0046,2026-05-30,Hotel,5969.63,Rejected
EXP00464,TN0207,2026-08-05,Flight,15713.83,Approved
EXP00465,TN0190,2026-08-19,Meals,1748.64,Approved
EXP00466,TN0361,2026-05-24,Office Supplies,4899.87,Approved
EXP00467,TN0441,2026-03-14,Office Supplies,446.57,Pending
EXP00468,TN0360,2026-06-01,Cab,1619.25,Rejected
EXP00469,TN0196,2026-04-14,Cab,1172.7,Approved
EXP00470,TN0340,2026-02-14,Cab,476.81,Rejected
EXP00471,TN0197,2026-08-04,Train,4263.83,Approved
EXP00472,TN0148,2026-08-12,Internet,688.32,Approved
EXP00473,TN0037,2026-06-15,Hotel,2323.17,Pending
EXP00474,TN0337,2026-04-22,Flight,3812.28,Rejected
EXP00475,TN0413,2026-04-17,Office Supplies,2443.33,Rejected
EXP00476,TN0310,2026-08-27,Cab,1614.63,Pending
EXP00477,TN0261,2026-04-19,Meals,1512.11,Pending
EXP00478,TN0182,2026-02-27,Flight,9083.96,Approved
EXP00479,TN0296,2026-05-08,Office Supplies,3735.29,Rejected
EXP00480,TN0257,2026-03-10,Cab,2327.43,Rejected
EXP00481,TN0188,2026-01-09,Hotel,5631.57,Rejected
EXP00482,TN0189,2026-01-29,Meals,970.45,Rejected
EXP00483,TN0041,2026-02-06,Internet,1596.94,Pending
EXP00484,TN0239,2026-05-13,Hotel,5282.18,Rejected
EXP00485,TN0046,2026-03-04,Cab,1632.06,Rejected
EXP00486,TN0492,2026-06-21,Hotel,6535.78,Rejected
EXP00487,TN0409,2026-05-29,Train,3219.98,Pending
EXP00488,TN0274,2026-07-19,Hotel,4857.18,Rejected
EXP00489,TN0464,2026-05-01,Meals,1374.1,Pending
EXP00490,TN0181,2026-09-03,Office Supplies,1684.7,Approved
EXP00491,TN0019,2026-06-27,Meals,1399.08,Rejected
EXP00492,TN0402,2026-05-25,Train,682.52,Pending
EXP00493,TN0297,2026-02-13,Meals,282.59,Pending
EXP00494,TN0415,2026-07-08,Meals,243.68,Pending
EXP00495,TN0043,2026-02-02,Meals,322.98,Pending
EXP00496,TN0130,2026-02-03,Meals,649.56,Pending
EXP00497,TN0008,2026-07-09,Hotel,5909.81,Rejected
EXP00498,TN0379,2026-02-08,Internet,1169.98,Approved
EXP00499,TN0134,2026-07-20,Internet,854.29,Approved
EXP00500,TN0410,2026-05-16,Office Supplies,455.53,Approved
EXP00501,TN0496,2026-02-07,Meals,1694.31,Approved
EXP00502,TN0429,2026-05-07,Office Supplies,4969.85,Pending
EXP00503,TN0122,2026-06-19,Cab,1856.1,Approved
EXP00504,TN0108,2026-05-28,Internet,1762.75,Approved
EXP00505,TN0329,2026-03-09,Office Supplies,4151.8,Approved
EXP00506,TN0086,2026-04-29,Cab,1269.15,Pending
EXP00507,TN0383,2026-08-31,Office Supplies,4635.56,Approved
EXP00508,TN0195,2026-06-24,Internet,1085.11,Pending
EXP00509,TN0075,2026-05-16,Office Supplies,2343.25,Pending
EXP00510,TN0475,2026-07-24,Cab,1047.71,Pending
EXP00511,TN0493,2026-05-16,Internet,1933.81,Approved
EXP00512,TN0470,2026-05-17,Internet,1030.74,Pending
EXP00513,TN0313,2026-08-24,Internet,1787.53,Pending
EXP00514,TN0139,2026-03-10,Office Supplies,761.9,Rejected
EXP00515,TN0300,2026-04-11,Cab,1966.9,Rejected
EXP00516,TN0124,2026-07-07,Internet,1383.09,Approved
EXP00517,TN0267,2026-03-28,Internet,1535.42,Approved
EXP00518,TN0161,2026-05-21,Hotel,6447.85,Approved
EXP00519,TN0007,2026-04-16,Hotel,5297.06,Rejected
EXP00520,TN0229,2026-03-31,Flight,13741.39,Pending
EXP00521,TN0099,2026-01-09,Hotel,6031.3,Approved
EXP00522,TN0481,2026-06-02,Internet,1840.95,Approved
EXP00523,TN0487,2026-06-03,Internet,682.69,Approved
EXP00524,TN0045,2026-08-08,Meals,407.85,Rejected
EXP00525,TN0392,2026-08-19,Internet,1349.1,Approved
EXP00526,TN0459,2026-01-29,Internet,776.39,Pending
EXP00527,TN0240,2026-06-19,Hotel,6182.49,Pending
EXP00528,TN0394,2026-04-20,Internet,1855.09,Pending
EXP00529,TN0132,2026-02-11,Office Supplies,647.79,Approved
EXP00530,TN0196,2026-04-10,Train,4981.41,Pending
EXP00531,TN0490,2026-07-28,Train,1218.48,Approved
EXP00532,TN0252,2026-09-08,Flight,11959.68,Approved
EXP00533,TN0331,2026-05-06,Hotel,2322.21,Pending
EXP00534,TN0112,2026-06-07,Internet,659.37,Pending
EXP00535,TN0367,2026-03-08,Hotel,1471.91,Approved
EXP00536,TN0293,2026-07-06,Train,3975.29,Approved
EXP00537,TN0460,2026-05-08,Flight,12619.41,Approved
EXP00538,TN0478,2026-01-10,Internet,1085.73,Approved
EXP00539,TN0359,2026-03-26,Cab,1500.4,Rejected
EXP00540,TN0363,2026-08-29,Office Supplies,2606.19,Pending
EXP00541,TN0207,2026-08-05,Internet,1671.41,Approved
EXP00542,TN0277,2026-02-27,Hotel,4198.51,Rejected
EXP00543,TN0419,2026-07-19,Cab,434.83,Rejected
EXP00544,TN0479,2026-04-02,Train,3536.44,Pending
EXP00545,TN0029,2026-06-11,Internet,636.0,Rejected
EXP00546,TN0437,2026-09-03,Train,770.1,Pending
EXP00547,TN0390,2026-07-16,Train,3379.85,Approved
EXP00548,TN0284,2026-01-11,Cab,1702.73,Pending
EXP00549,TN0357,2026-04-10,Hotel,6118.81,Pending
EXP00550,TN0250,2026-01-22,Internet,1156.98,Approved
EXP00551,TN0072,2026-01-10,Flight,2893.15,Rejected
EXP00552,TN0123,2026-05-06,Cab,298.03,Rejected
EXP00553,TN0330,2026-03-20,Cab,1404.76,Pending
EXP00554,TN0495,2026-01-05,Hotel,3846.42,Pending
EXP00555,TN0404,2026-07-04,Hotel,4362.96,Approved
EXP00556,TN0414,2026-06-17,Internet,1284.68,Rejected
EXP00557,TN0446,2026-08-12,Meals,438.33,Rejected
EXP00558,TN0120,2026-08-25,Hotel,1487.65,Approved
EXP00559,TN0251,2026-06-17,Hotel,4875.51,Rejected
EXP00560,TN0024,2026-03-04,Internet,1473.18,Approved
EXP00561,TN0089,2026-06-11,Hotel,8256.37,Approved
EXP00562,TN0234,2026-06-06,Flight,15447.96,Approved
EXP00563,TN0419,2026-07-29,Hotel,2090.6,Rejected
EXP00564,TN0410,2026-06-07,Flight,3478.21,Approved
EXP00565,TN0219,2026-03-28,Office Supplies,4228.71,Rejected
EXP00566,TN0348,2026-04-13,Train,955.69,Rejected
EXP00567,TN0295,2026-05-20,Flight,7484.64,Approved
EXP00568,TN0392,2026-01-12,Meals,477.52,Approved
EXP00569,TN0062,2026-03-12,Flight,14242.03,Approved
EXP00570,TN0357,2026-04-05,Meals,464.01,Approved
EXP00571,TN0474,2026-05-29,Hotel,2240.29,Rejected
EXP00572,TN0314,2026-04-07,Office Supplies,1041.44,Pending
EXP00573,TN0042,2026-01-02,Hotel,2599.42,Approved
EXP00574,TN0362,2026-06-16,Meals,1619.06,Pending
EXP00575,TN0356,2026-07-26,Office Supplies,3931.04,Rejected
EXP00576,TN0065,2026-02-22,Flight,12417.3,Rejected
EXP00577,TN0231,2026-04-16,Flight,17040.39,Rejected
EXP00578,TN0355,2026-01-10,Meals,488.0,Pending
EXP00579,TN0314,2026-09-01,Hotel,6092.09,Pending
EXP00580,TN0179,2026-04-18,Hotel,5550.14,Approved
EXP00581,TN0061,2026-05-16,Hotel,6027.58,Rejected
EXP00582,TN0260,2026-02-26,Cab,1960.28,Rejected
EXP00583,TN0107,2026-03-12,Hotel,2711.01,Approved
EXP00584,TN0351,2026-08-05,Cab,1319.16,Approved
EXP00585,TN0344,2026-08-25,Hotel,1621.42,Pending
EXP00586,TN0146,2026-02-23,Cab,740.75,Rejected
EXP00587,TN0413,2026-08-16,Office Supplies,2429.79,Approved
EXP00588,TN0380,2026-01-14,Meals,481.42,Approved
EXP00589,TN0249,2026-05-12,Hotel,1752.7,Approved
EXP00590,TN0370,2026-04-24,Meals,1127.62,Pending
EXP00591,TN0102,2026-07-11,Internet,1847.56,Approved
EXP00592,TN0399,2026-01-29,Train,1447.8,Approved
EXP00593,TN0378,2026-04-16,Office Supplies,1239.79,Approved
EXP00594,TN0038,2026-05-01,Meals,975.05,Pending
EXP00595,TN0075,2026-02-25,Meals,927.99,Pending
EXP00596,TN0192,2026-02-04,Cab,1841.58,Rejected
EXP00597,TN0184,2026-09-07,Train,1330.17,Approved
EXP00598,TN0017,2026-06-27,Meals,295.44,Approved
EXP00599,TN0057,2026-08-07,Cab,1227.66,Approved
EXP00600,TN0390,2026-03-29,Flight,16239.34,Rejected
EXP00601,TN0081,2026-07-22,Office Supplies,3298.6,Rejected
EXP00602,TN0464,2026-02-13,Meals,1752.22,Approved
EXP00603,TN0045,2026-04-16,Office Supplies,2752.31,Approved
EXP00604,TN0303,2026-05-02,Office Supplies,2474.99,Approved
EXP00605,TN0374,2026-04-20,Internet,1808.9,Approved
EXP00606,TN0168,2026-04-22,Meals,555.85,Rejected
EXP00607,TN0485,2026-02-08,Meals,1637.2,Pending
EXP00608,TN0023,2026-01-11,Cab,1873.67,Rejected
EXP00609,TN0018,2026-04-19,Meals,830.91,Rejected
EXP00610,TN0421,2026-01-26,Cab,1313.92,Approved
EXP00611,TN0286,2026-07-12,Hotel,6606.65,Pending
EXP00612,TN0487,2026-02-25,Flight,8055.29,Approved
EXP00613,TN0332,2026-01-24,Hotel,4942.31,Pending
EXP00614,TN0083,2026-06-30,Cab,2166.12,Rejected
EXP00615,TN0299,2026-01-07,Cab,1239.84,Approved
EXP00616,TN0448,2026-06-30,Cab,584.62,Pending
EXP00617,TN0321,2026-04-29,Internet,1450.1,Rejected
EXP00618,TN0037,2026-04-09,Internet,999.36,Approved
EXP00619,TN0152,2026-04-20,Office Supplies,1568.01,Rejected
EXP00620,TN0278,2026-05-28,Office Supplies,1273.59,Rejected
EXP00621,TN0042,2026-06-08,Train,3784.5,Approved
EXP00622,TN0264,2026-08-31,Internet,1045.99,Approved
EXP00623,TN0057,2026-04-09,Train,2540.62,Approved
EXP00624,TN0188,2026-04-04,Flight,12546.68,Rejected
EXP00625,TN0035,2026-05-24,Internet,1660.36,Approved
EXP00626,TN0172,2026-03-03,Meals,381.69,Pending
EXP00627,TN0378,2026-08-29,Office Supplies,3026.56,Rejected
EXP00628,TN0108,2026-07-12,Internet,1641.33,Pending
EXP00629,TN0181,2026-08-18,Train,2716.4,Pending
EXP00630,TN0142,2026-01-14,Hotel,4107.95,Pending
EXP00631,TN0249,2026-05-09,Meals,1527.3,Pending
EXP00632,TN0364,2026-05-17,Internet,1738.07,Pending
EXP00633,TN0232,2026-06-08,Train,4079.56,Rejected
EXP00634,TN0415,2026-09-08,Hotel,2669.16,Pending
EXP00635,TN0045,2026-01-21,Cab,2260.17,Pending
EXP00636,TN0491,2026-09-02,Hotel,2053.05,Pending
EXP00637,TN0058,2026-06-28,Flight,10193.1,Approved
EXP00638,TN0267,2026-09-01,Internet,534.04,Pending
EXP00639,TN0497,2026-06-24,Meals,1690.75,Pending
EXP00640,TN0178,2026-04-18,Cab,1883.62,Approved
EXP00641,TN0150,2026-02-18,Hotel,1371.89,Approved
EXP00642,TN0428,2026-08-31,Meals,1231.48,Pending
EXP00643,TN0297,2026-03-29,Internet,1469.08,Pending
EXP00644,TN0249,2026-06-01,Internet,1545.3,Rejected
EXP00645,TN0228,2026-04-28,Train,3009.36,Pending
EXP00646,TN0088,2026-07-22,Train,1443.2,Pending
EXP00647,TN0498,2026-03-15,Office Supplies,4273.91,Approved
EXP00648,TN0181,2026-03-14,Cab,2397.1,Rejected
EXP00649,TN0474,2026-02-11,Internet,1302.98,Approved
EXP00650,TN0499,2026-02-14,Office Supplies,3628.12,Rejected
EXP00651,TN0407,2026-02-09,Flight,6187.53,Approved
EXP00652,TN0163,2026-05-28,Flight,9333.77,Pending
EXP00653,TN0095,2026-02-22,Meals,1331.42,Rejected
EXP00654,TN0163,2026-09-08,Train,1080.54,Pending
EXP00655,TN0277,2026-09-07,Flight,10771.47,Approved
EXP00656,TN0472,2026-01-07,Cab,2338.01,Approved
EXP00657,TN0486,2026-04-28,Train,1117.85,Rejected
EXP00658,TN0280,2026-09-07,Meals,730.05,Rejected
EXP00659,TN0152,2026-05-02,Train,4860.19,Rejected
EXP00660,TN0342,2026-02-07,Office Supplies,2956.59,Pending
EXP00661,TN0174,2026-06-26,Hotel,6906.8,Approved
EXP00662,TN0072,2026-06-23,Meals,387.0,Approved
EXP00663,TN0206,2026-06-08,Office Supplies,1335.71,Pending
EXP00664,TN0048,2026-03-25,Hotel,5943.58,Approved
EXP00665,TN0299,2026-05-15,Flight,14609.89,Pending
EXP00666,TN0101,2026-01-06,Hotel,5399.62,Pending
EXP00667,TN0347,2026-06-21,Hotel,8811.55,Pending
EXP00668,TN0100,2026-05-06,Train,3174.59,Rejected
EXP00669,TN0484,2026-01-15,Internet,1041.6,Approved
EXP00670,TN0367,2026-08-07,Cab,1018.63,Pending
EXP00671,TN0007,2026-03-14,Train,2016.23,Pending
EXP00672,TN0448,2026-05-24,Hotel,2882.42,Pending
EXP00673,TN0380,2026-04-17,Office Supplies,2379.77,Approved
EXP00674,TN0413,2026-07-06,Cab,1862.22,Pending
EXP00675,TN0072,2026-08-02,Meals,1156.7,Approved
EXP00676,TN0107,2026-03-19,Cab,2472.7,Rejected
EXP00677,TN0172,2026-01-17,Meals,1409.78,Approved
EXP00678,TN0004,2026-04-15,Internet,1871.62,Pending
EXP00679,TN0090,2026-05-23,Cab,1819.08,Approved
EXP00680,TN0103,2026-02-17,Office Supplies,2094.32,Rejected
EXP00681,TN0252,2026-01-11,Office Supplies,4183.37,Rejected
EXP00682,TN0156,2026-05-07,Meals,1383.77,Approved
EXP00683,TN0014,2026-07-22,Hotel,2401.39,Pending
EXP00684,TN0490,2026-06-13,Office Supplies,3291.84,Approved
EXP00685,TN0335,2026-06-20,Train,2318.92,Pending
EXP00686,TN0465,2026-06-26,Internet,867.13,Approved
EXP00687,TN0392,2026-03-12,Cab,2486.68,Approved
EXP00688,TN0307,2026-07-10,Train,3072.9,Rejected
EXP00689,TN0224,2026-08-11,Train,3288.78,Pending
EXP00690,TN0499,2026-06-27,Office Supplies,862.04,Rejected
EXP00691,TN0376,2026-05-28,Hotel,7793.18,Approved
EXP00692,TN0298,2026-01-15,Flight,7455.06,Rejected
EXP00693,TN0070,2026-04-02,Flight,3319.77,Pending
EXP00694,TN0215,2026-06-12,Train,624.09,Pending
EXP00695,TN0272,2026-06-13,Hotel,5208.16,Rejected
EXP00696,TN0094,2026-07-15,Hotel,5870.35,Approved
EXP00697,TN0279,2026-03-24,Office Supplies,1786.19,Rejected
EXP00698,TN0410,2026-03-19,Train,3553.04,Rejected
EXP00699,TN0186,2026-01-25,Meals,1128.07,Approved
EXP00700,TN0007,2026-02-05,Meals,650.27,Pending
EXP00701,TN0211,2026-03-29,Flight,4087.48,Approved
EXP00702,TN0258,2026-02-26,Office Supplies,1185.56,Rejected
EXP00703,TN0315,2026-06-26,Office Supplies,4776.73,Rejected
EXP00704,TN0365,2026-05-22,Internet,1634.46,Approved
EXP00705,TN0214,2026-04-28,Hotel,2109.21,Approved
EXP00706,TN0473,2026-01-05,Cab,968.29,Rejected
EXP00707,TN0186,2026-02-05,Office Supplies,2377.11,Rejected
EXP00708,TN0268,2026-07-15,Train,1192.15,Pending
EXP00709,TN0015,2026-07-10,Office Supplies,857.41,Approved
EXP00710,TN0439,2026-06-27,Flight,13164.73,Pending
EXP00711,TN0065,2026-02-23,Flight,17707.2,Pending
EXP00712,TN0354,2026-07-15,Office Supplies,825.09,Approved
EXP00713,TN0397,2026-05-04,Office Supplies,2326.86,Approved
EXP00714,TN0056,2026-01-09,Office Supplies,3401.01,Rejected
EXP00715,TN0031,2026-05-01,Hotel,8286.53,Approved
EXP00716,TN0034,2026-03-19,Internet,515.41,Approved
EXP00717,TN0401,2026-02-01,Meals,528.64,Approved
EXP00718,TN0095,2026-06-21,Train,534.59,Approved
EXP00719,TN0434,2026-07-11,Train,4764.44,Pending
EXP00720,TN0181,2026-02-11,Office Supplies,2652.98,Rejected
EXP00721,TN0314,2026-03-03,Meals,1112.38,Approved
EXP00722,TN0420,2026-05-29,Office Supplies,365.73,Approved
EXP00723,TN0367,2026-02-19,Train,1190.16,Rejected
EXP00724,TN0003,2026-09-07,Internet,648.03,Approved
EXP00725,TN0472,2026-05-10,Office Supplies,3626.45,Pending
EXP00726,TN0358,2026-05-31,Flight,9314.82,Approved
EXP00727,TN0093,2026-08-02,Train,4913.99,Pending
EXP00728,TN0110,2026-05-12,Flight,8817.46,Pending
EXP00729,TN0064,2026-04-30,Hotel,5253.88,Pending
EXP00730,TN0391,2026-04-03,Internet,932.41,Rejected
EXP00731,TN0021,2026-01-22,Train,2671.08,Pending
EXP00732,TN0146,2026-04-27,Meals,1377.88,Rejected
EXP00733,TN0500,2026-08-04,Cab,680.8,Pending
EXP00734,TN0149,2026-08-07,Cab,593.64,Approved
EXP00735,TN0459,2026-08-04,Office Supplies,2535.68,Rejected
EXP00736,TN0189,2026-02-15,Hotel,8990.04,Pending
EXP00737,TN0345,2026-01-27,Cab,1179.44,Rejected
EXP00738,TN0347,2026-01-22,Hotel,2318.27,Pending
EXP00739,TN0356,2026-06-01,Hotel,6983.17,Approved
EXP00740,TN0034,2026-04-04,Flight,7748.79,Rejected
EXP00741,TN0433,2026-04-14,Hotel,3016.38,Pending
EXP00742,TN0372,2026-05-08,Train,3918.16,Rejected
EXP00743,TN0304,2026-03-11,Office Supplies,4010.62,Rejected
EXP00744,TN0483,2026-04-13,Train,2588.8,Rejected
EXP00745,TN0487,2026-04-14,Cab,1351.82,Approved
EXP00746,TN0394,2026-04-27,Hotel,2153.08,Pending
EXP00747,TN0255,2026-03-01,Internet,1913.6,Approved
EXP00748,TN0051,2026-07-08,Hotel,7676.44,Pending
EXP00749,TN0348,2026-01-07,Flight,8430.81,Rejected
EXP00750,TN0168,2026-02-09,Train,3261.05,Approved
EXP00751,TN0390,2026-01-20,Internet,1627.41,Pending
EXP00752,TN0406,2026-04-30,Flight,7050.23,Pending
EXP00753,TN0252,2026-05-10,Train,2895.22,Rejected
EXP00754,TN0280,2026-01-05,Office Supplies,448.51,Pending
EXP00755,TN0451,2026-08-23,Hotel,4192.31,Pending
EXP00756,TN0437,2026-04-07,Cab,1230.19,Approved
EXP00757,TN0091,2026-05-23,Internet,1790.54,Pending
EXP00758,TN0453,2026-06-30,Flight,10117.93,Approved
EXP00759,TN0160,2026-07-03,Cab,1295.52,Approved
EXP00760,TN0292,2026-06-22,Cab,1701.18,Rejected
EXP00761,TN0277,2026-05-27,Cab,1268.39,Approved
EXP00762,TN0260,2026-01-15,Cab,768.97,Rejected
EXP00763,TN0498,2026-04-07,Meals,1282.38,Pending
EXP00764,TN0165,2026-01-16,Hotel,5805.61,Approved
EXP00765,TN0429,2026-04-04,Train,4123.95,Rejected
EXP00766,TN0014,2026-07-15,Internet,1011.88,Approved
EXP00767,TN0220,2026-03-30,Train,2294.88,Approved
EXP00768,TN0339,2026-03-04,Flight,6136.64,Pending
EXP00769,TN0304,2026-01-22,Internet,598.25,Pending
EXP00770,TN0059,2026-03-28,Flight,2805.54,Pending
EXP00771,TN0020,2026-04-28,Internet,1795.05,Rejected
EXP00772,TN0264,2026-08-19,Cab,776.55,Rejected
EXP00773,TN0241,2026-05-31,Hotel,8888.97,Pending
EXP00774,TN0293,2026-04-10,Train,3033.68,Pending
EXP00775,TN0052,2026-06-26,Internet,808.86,Pending
EXP00776,TN0258,2026-07-27,Office Supplies,3436.72,Approved
EXP00777,TN0315,2026-03-18,Train,4859.37,Approved
EXP00778,TN0255,2026-06-12,Office Supplies,4878.3,Approved
EXP00779,TN0431,2026-08-06,Meals,542.53,Pending
EXP00780,TN0025,2026-03-18,Meals,843.24,Approved
EXP00781,TN0320,2026-07-10,Hotel,6798.11,Rejected
EXP00782,TN0049,2026-06-01,Train,1657.48,Rejected
EXP00783,TN0411,2026-05-16,Cab,1153.7,Pending
EXP00784,TN0408,2026-01-20,Internet,1735.61,Rejected
EXP00785,TN0412,2026-03-18,Cab,1709.12,Pending
EXP00786,TN0103,2026-04-17,Cab,740.47,Rejected
EXP00787,TN0233,2026-06-21,Office Supplies,2873.54,Approved
EXP00788,TN0322,2026-06-30,Meals,1580.34,Rejected
EXP00789,TN0256,2026-02-24,Internet,1943.18,Rejected
EXP00790,TN0481,2026-04-30,Train,4710.95,Rejected
EXP00791,TN0415,2026-06-07,Office Supplies,3914.86,Pending
EXP00792,TN0479,2026-05-25,Internet,1440.14,Rejected
EXP00793,TN0103,2026-04-04,Cab,497.2,Approved
EXP00794,TN0383,2026-06-25,Office Supplies,1711.3,Pending
EXP00795,TN0211,2026-03-23,Office Supplies,4202.01,Approved
EXP00796,TN0325,2026-02-22,Office Supplies,2238.46,Pending
EXP00797,TN0331,2026-02-11,Train,3559.53,Approved
EXP00798,TN0208,2026-03-03,Hotel,2369.71,Approved
EXP00799,TN0126,2026-07-24,Office Supplies,1759.54,Pending
EXP00800,TN0287,2026-04-22,Cab,1670.27,Approved
EXP00801,TN0104,2026-02-10,Train,1027.58,Pending
EXP00802,TN0405,2026-07-25,Train,3429.89,Approved
EXP00803,TN0330,2026-08-07,Hotel,8717.54,Pending
EXP00804,TN0401,2026-01-06,Hotel,7904.76,Approved
EXP00805,TN0161,2026-06-04,Train,4388.99,Pending
EXP00806,TN0460,2026-04-04,Internet,1486.15,Approved
EXP00807,TN0204,2026-08-30,Office Supplies,3703.9,Approved
EXP00808,TN0121,2026-01-29,Meals,1375.17,Approved
EXP00809,TN0268,2026-06-20,Office Supplies,3027.97,Rejected
EXP00810,TN0129,2026-05-08,Hotel,3057.0,Approved
EXP00811,TN0396,2026-07-26,Train,1914.72,Rejected
EXP00812,TN0378,2026-04-10,Office Supplies,3817.36,Approved
EXP00813,TN0479,2026-04-19,Flight,4736.31,Approved
EXP00814,TN0110,2026-09-06,Train,2421.59,Pending
EXP00815,TN0442,2026-05-31,Hotel,5024.8,Pending
EXP00816,TN0359,2026-08-31,Hotel,3668.62,Pending
EXP00817,TN0244,2026-06-24,Flight,17431.39,Approved
EXP00818,TN0186,2026-05-02,Internet,1051.61,Pending
EXP00819,TN0011,2026-06-15,Meals,255.7,Rejected
EXP00820,TN0340,2026-07-24,Hotel,6587.32,Rejected
EXP00821,TN0123,2026-03-06,Meals,815.5,Rejected
EXP00822,TN0491,2026-06-29,Train,4554.52,Rejected
EXP00823,TN0063,2026-05-17,Office Supplies,1410.99,Pending
EXP00824,TN0199,2026-01-03,Cab,2329.64,Pending
EXP00825,TN0155,2026-01-24,Office Supplies,3856.34,Pending
EXP00826,TN0108,2026-08-09,Flight,16696.31,Rejected
EXP00827,TN0163,2026-08-14,Office Supplies,3903.68,Pending
EXP00828,TN0405,2026-01-09,Train,4385.65,Pending
EXP00829,TN0242,2026-07-08,Cab,2327.27,Pending
EXP00830,TN0368,2026-04-19,Office Supplies,771.86,Approved
EXP00831,TN0358,2026-03-08,Meals,306.19,Pending
EXP00832,TN0309,2026-07-06,Office Supplies,2874.32,Pending
EXP00833,TN0233,2026-06-27,Hotel,7143.41,Rejected
EXP00834,TN0329,2026-02-17,Internet,1165.11,Rejected
EXP00835,TN0070,2026-01-01,Cab,620.18,Pending
EXP00836,TN0161,2026-05-28,Hotel,2064.46,Approved
EXP00837,TN0265,2026-07-02,Office Supplies,4203.92,Approved
EXP00838,TN0434,2026-06-02,Internet,1115.47,Pending
EXP00839,TN0232,2026-05-03,Office Supplies,3755.31,Pending
EXP00840,TN0089,2026-06-25,Meals,1522.83,Pending
EXP00841,TN0102,2026-01-22,Cab,1013.86,Pending
EXP00842,TN0449,2026-04-07,Office Supplies,4456.4,Approved
EXP00843,TN0011,2026-08-31,Hotel,8400.28,Rejected
EXP00844,TN0314,2026-06-10,Flight,16556.09,Pending
EXP00845,TN0102,2026-03-09,Internet,1777.75,Approved
EXP00846,TN0206,2026-06-08,Cab,1560.92,Approved
EXP00847,TN0046,2026-09-03,Train,1182.57,Rejected
EXP00848,TN0061,2026-01-04,Internet,1288.76,Pending
EXP00849,TN0424,2026-06-22,Cab,428.5,Rejected
EXP00850,TN0105,2026-02-18,Office Supplies,4123.04,Pending
EXP00851,TN0148,2026-07-11,Cab,1047.87,Pending
EXP00852,TN0439,2026-02-22,Meals,544.91,Pending
EXP00853,TN0373,2026-06-23,Flight,8984.13,Pending
EXP00854,TN0406,2026-02-07,Hotel,3463.51,Pending
EXP00855,TN0121,2026-06-08,Cab,2282.22,Pending
EXP00856,TN0299,2026-06-25,Internet,1187.25,Approved
EXP00857,TN0241,2026-02-04,Office Supplies,1819.26,Rejected
EXP00858,TN0204,2026-06-25,Flight,13556.71,Rejected
EXP00859,TN0217,2026-07-08,Meals,609.96,Approved
EXP00860,TN0286,2026-01-16,Hotel,3796.33,Approved
EXP00861,TN0242,2026-08-21,Train,4985.0,Rejected
EXP00862,TN0496,2026-07-25,Meals,1335.31,Approved
EXP00863,TN0003,2026-03-06,Meals,1191.45,Pending
EXP00864,TN0203,2026-06-21,Train,1008.3,Rejected
EXP00865,TN0022,2026-05-29,Flight,6534.52,Rejected
EXP00866,TN0253,2026-08-27,Train,4438.33,Approved
EXP00867,TN0046,2026-03-23,Internet,1295.64,Approved
EXP00868,TN0134,2026-01-30,Train,603.15,Approved
EXP00869,TN0256,2026-08-12,Office Supplies,1620.7,Pending
EXP00870,TN0475,2026-04-21,Train,4552.85,Pending
EXP00871,TN0314,2026-08-01,Office Supplies,4655.57,Rejected
EXP00872,TN0161,2026-04-22,Flight,7390.92,Pending
EXP00873,TN0392,2026-09-01,Flight,11112.96,Rejected
EXP00874,TN0326,2026-07-24,Cab,275.07,Approved
EXP00875,TN0028,2026-02-28,Flight,3055.86,Pending
EXP00876,TN0084,2026-06-30,Cab,1175.61,Pending
EXP00877,TN0021,2026-04-24,Train,4948.57,Rejected
EXP00878,TN0249,2026-04-28,Cab,414.35,Rejected
EXP00879,TN0444,2026-02-07,Hotel,3926.91,Approved
EXP00880,TN0445,2026-03-14,Flight,15441.78,Rejected
EXP00881,TN0261,2026-07-30,Train,2990.94,Rejected
EXP00882,TN0300,2026-02-24,Meals,1796.81,Approved
EXP00883,TN0270,2026-07-16,Meals,488.91,Approved
EXP00884,TN0127,2026-07-16,Cab,1740.74,Pending
EXP00885,TN0014,2026-03-14,Internet,1972.0,Approved
EXP00886,TN0202,2026-04-06,Meals,1686.64,Approved
EXP00887,TN0429,2026-03-24,Flight,2947.55,Pending
EXP00888,TN0426,2026-07-01,Internet,1219.78,Rejected
EXP00889,TN0490,2026-03-10,Meals,1252.81,Pending
EXP00890,TN0497,2026-01-12,Internet,1433.55,Pending
EXP00891,TN0167,2026-08-31,Internet,1999.73,Rejected
EXP00892,TN0067,2026-02-24,Office Supplies,528.81,Rejected
EXP00893,TN0145,2026-03-24,Office Supplies,561.01,Approved
EXP00894,TN0281,2026-09-01,Meals,810.23,Pending
EXP00895,TN0131,2026-02-15,Flight,17458.26,Pending
EXP00896,TN0046,2026-01-06,Office Supplies,1278.65,Pending
EXP00897,TN0400,2026-04-14,Train,3376.97,Rejected
EXP00898,TN0079,2026-01-31,Train,2657.89,Pending
EXP00899,TN0377,2026-07-26,Train,4557.18,Rejected
EXP00900,TN0068,2026-04-02,Internet,644.17,Pending
EXP00901,TN0263,2026-02-21,Cab,1196.79,Pending
EXP00902,TN0244,2026-03-10,Meals,1160.55,Approved
EXP00903,TN0388,2026-04-19,Office Supplies,2030.71,Approved
EXP00904,TN0223,2026-06-11,Cab,368.43,Rejected
EXP00905,TN0175,2026-09-07,Cab,1739.63,Rejected
EXP00906,TN0352,2026-07-02,Flight,16925.35,Rejected
EXP00907,TN0323,2026-06-15,Meals,334.35,Pending
EXP00908,TN0224,2026-01-21,Office Supplies,2544.77,Approved
EXP00909,TN0066,2026-06-25,Train,4271.07,Rejected
EXP00910,TN0219,2026-03-17,Meals,276.37,Approved
EXP00911,TN0470,2026-01-12,Meals,372.21,Pending
EXP00912,TN0212,2026-01-25,Cab,1703.01,Rejected
EXP00913,TN0417,2026-03-06,Train,1572.36,Approved
EXP00914,TN0394,2026-05-09,Hotel,2088.7,Rejected
EXP00915,TN0237,2026-02-15,Office Supplies,1156.38,Pending
EXP00916,TN0024,2026-01-22,Cab,2210.38,Pending
EXP00917,TN0161,2026-05-31,Internet,1182.5,Rejected
EXP00918,TN0231,2026-06-09,Office Supplies,1545.85,Approved
EXP00919,TN0109,2026-02-17,Hotel,7026.83,Rejected
EXP00920,TN0133,2026-08-12,Internet,659.5,Rejected
EXP00921,TN0010,2026-01-02,Cab,424.19,Approved
EXP00922,TN0336,2026-05-03,Cab,1775.74,Rejected
EXP00923,TN0495,2026-07-10,Meals,1361.46,Pending
EXP00924,TN0317,2026-07-28,Meals,777.17,Rejected
EXP00925,TN0494,2026-06-26,Internet,1092.5,Pending
EXP00926,TN0045,2026-02-02,Flight,2715.08,Approved
EXP00927,TN0418,2026-01-05,Internet,1955.78,Approved
EXP00928,TN0108,2026-05-04,Internet,717.73,Approved
EXP00929,TN0224,2026-08-04,Internet,1787.28,Rejected
EXP00930,TN0098,2026-01-23,Train,3940.72,Approved
EXP00931,TN0243,2026-04-19,Hotel,2108.38,Approved
EXP00932,TN0379,2026-06-29,Cab,2415.09,Pending
EXP00933,TN0011,2026-08-09,Cab,1525.28,Approved
EXP00934,TN0151,2026-05-26,Office Supplies,4219.04,Approved
EXP00935,TN0171,2026-01-03,Hotel,6117.2,Rejected
EXP00936,TN0222,2026-09-08,Cab,2144.25,Rejected
EXP00937,TN0297,2026-06-02,Internet,1331.46,Pending
EXP00938,TN0019,2026-05-05,Cab,1292.34,Rejected
EXP00939,TN0372,2026-06-06,Internet,1857.61,Pending
EXP00940,TN0119,2026-07-02,Hotel,5320.81,Pending
EXP00941,TN0296,2026-03-22,Meals,301.62,Rejected
EXP00942,TN0214,2026-08-16,Cab,424.81,Rejected
EXP00943,TN0481,2026-06-15,Train,2462.3,Pending
EXP00944,TN0011,2026-02-11,Train,3740.56,Pending
EXP00945,TN0177,2026-04-23,Flight,10368.36,Rejected
EXP00946,TN0466,2026-06-25,Train,4639.98,Rejected
EXP00947,TN0337,2026-04-30,Flight,16189.19,Rejected
EXP00948,TN0365,2026-04-10,Cab,2107.74,Rejected
EXP00949,TN0335,2026-07-08,Train,4061.47,Approved
EXP00950,TN0319,2026-02-23,Train,3577.21,Approved
EXP00951,TN0342,2026-05-04,Flight,5186.01,Approved
EXP00952,TN0311,2026-05-06,Hotel,7389.16,Pending
EXP00953,TN0156,2026-03-02,Flight,11130.87,Approved
EXP00954,TN0184,2026-08-14,Train,2042.4,Approved
EXP00955,TN0090,2026-07-31,Office Supplies,4503.95,Approved
EXP00956,TN0414,2026-01-17,Train,2380.85,Rejected
EXP00957,TN0117,2026-01-31,Meals,558.55,Pending
EXP00958,TN0175,2026-07-20,Train,3939.12,Rejected
EXP00959,TN0137,2026-08-18,Flight,15727.83,Rejected
EXP00960,TN0310,2026-06-21,Hotel,6709.96,Pending
EXP00961,TN0410,2026-04-28,Office Supplies,3852.09,Approved
EXP00962,TN0401,2026-06-06,Meals,1451.45,Approved
EXP00963,TN0422,2026-05-24,Hotel,5156.98,Approved
EXP00964,TN0323,2026-01-31,Office Supplies,1265.32,Pending
EXP00965,TN0081,2026-07-06,Train,3657.55,Rejected
EXP00966,TN0256,2026-07-07,Office Supplies,766.68,Rejected
EXP00967,TN0187,2026-03-27,Office Supplies,947.53,Approved
EXP00968,TN0225,2026-09-06,Cab,1957.67,Approved
EXP00969,TN0126,2026-08-02,Office Supplies,2526.22,Pending
EXP00970,TN0259,2026-02-13,Hotel,3274.92,Rejected
EXP00971,TN0387,2026-04-17,Train,3295.43,Approved
EXP00972,TN0078,2026-07-12,Office Supplies,2789.36,Approved
EXP00973,TN0071,2026-07-25,Cab,1121.51,Pending
EXP00974,TN0460,2026-04-28,Office Supplies,2725.93,Rejected
EXP00975,TN0186,2026-08-30,Hotel,4652.11,Approved
EXP00976,TN0368,2026-07-26,Meals,1709.83,Approved
EXP00977,TN0174,2026-03-22,Cab,2457.57,Approved
EXP00978,TN0223,2026-01-16,Cab,1934.1,Rejected
EXP00979,TN0473,2026-06-14,Flight,16488.92,Approved
EXP00980,TN0324,2026-09-08,Internet,1698.61,Rejected
EXP00981,TN0499,2026-03-17,Cab,1094.71,Rejected
EXP00982,TN0359,2026-05-22,Office Supplies,1730.32,Rejected
EXP00983,TN0161,2026-08-21,Train,436.35,Pending
EXP00984,TN0461,2026-05-16,Meals,1672.72,Rejected
EXP00985,TN0207,2026-04-25,Internet,807.7,Rejected
EXP00986,TN0320,2026-07-21,Meals,1243.26,Rejected
EXP00987,TN0177,2026-08-16,Office Supplies,3973.35,Pending
EXP00988,TN0398,2026-02-20,Train,787.69,Rejected
EXP00989,TN0172,2026-04-10,Internet,1578.32,Approved
EXP00990,TN0267,2026-05-19,Train,1383.18,Rejected
EXP00991,TN0283,2026-03-21,Meals,745.13,Rejected
EXP00992,TN0082,2026-01-06,Hotel,8144.49,Rejected
EXP00993,TN0304,2026-03-08,Flight,15399.55,Pending
EXP00994,TN0372,2026-04-19,Meals,376.71,Approved
EXP00995,TN0431,2026-04-06,Train,3284.15,Pending
EXP00996,TN0064,2026-01-13,Office Supplies,3359.52,Approved
EXP00997,TN0230,2026-03-18,Meals,1378.97,Pending
EXP00998,TN0174,2026-03-02,Office Supplies,3805.06,Rejected
EXP00999,TN0290,2026-07-02,Internet,1498.28,Rejected
EXP01000,TN0120,2026-03-31,Train,1708.86,Rejected
