asset_id,employee_id,asset_type,asset_name,issue_date,warranty_expiry,status
IT00001,TN0001,Headset,Logitech H390,2025-11-19,2026-11-19,Assigned
IT00002,TN0002,Headset,Jabra Evolve 20,2026-01-25,2027-01-25,Assigned
IT00003,TN0003,Keyboard,Logitech K120,2025-06-12,2028-06-11,Assigned
IT00004,TN0004,Keyboard,Logitech K120,2025-04-10,2026-04-10,Assigned
IT00005,TN0005,Mouse,Logitech M185,2025-02-25,2026-02-25,Assigned
IT00006,TN0006,Laptop,MacBook Air M2,2025-03-11,2026-03-11,Assigned
IT00007,TN0007,Monitor,LG 24-inch,2025-04-01,2026-04-01,Assigned
IT00008,TN0008,Headset,Logitech H390,2025-02-16,2028-02-16,Assigned
IT00009,TN0009,Keyboard,Dell KB216,2025-08-21,2027-08-21,Assigned
IT00010,TN0010,Mouse,Dell MS116,2025-12-06,2027-12-06,Assigned
IT00011,TN0011,Monitor,Dell 24-inch,2024-05-27,2027-05-27,Assigned
IT00012,TN0012,Mouse,Logitech M185,2025-12-29,2027-12-29,Assigned
IT00013,TN0013,Headset,Jabra Evolve 20,2025-06-25,2026-06-25,Assigned
IT00014,TN0014,Mouse,Logitech M185,2025-04-29,2026-04-29,Assigned
IT00015,TN0015,Headset,Logitech H390,2025-01-13,2026-01-13,Assigned
IT00016,TN0016,Laptop,Lenovo ThinkPad E14,2024-05-03,2026-05-03,Assigned
IT00017,TN0017,Laptop,Dell Latitude 5440,2025-06-19,2026-06-19,Assigned
IT00018,TN0018,Keyboard,Dell KB216,2024-11-08,2026-11-08,Assigned
IT00019,TN0019,Keyboard,Logitech K120,2025-05-12,2026-05-12,Assigned
IT00020,TN0020,Monitor,Dell 24-inch,2025-08-26,2027-08-26,Assigned
IT00021,TN0021,Keyboard,Logitech K120,2024-10-17,2025-10-17,Assigned
IT00022,TN0022,Mouse,Dell MS116,2024-01-03,2025-01-02,Assigned
IT00023,TN0023,Laptop,MacBook Air M2,2024-02-15,2026-02-14,Assigned
IT00024,TN0024,Headset,Logitech H390,2024-11-13,2027-11-13,Assigned
IT00025,TN0025,Keyboard,Dell KB216,2026-03-11,2028-03-10,Assigned
IT00026,TN0026,Headset,Logitech H390,2024-05-15,2025-05-15,Assigned
IT00027,TN0027,Mouse,Logitech M185,2025-11-14,2027-11-14,Assigned
IT00028,TN0028,Keyboard,Dell KB216,2024-04-01,2027-04-01,Assigned
IT00029,TN0029,Mouse,Dell MS116,2024-08-26,2026-08-26,Assigned
IT00030,TN0030,Headset,Logitech H390,2024-02-16,2027-02-15,Assigned
IT00031,TN0031,Keyboard,Logitech K120,2025-10-23,2026-10-23,Assigned
IT00032,TN0032,Laptop,Lenovo ThinkPad E14,2025-08-08,2028-08-07,Assigned
IT00033,TN0033,Headset,Jabra Evolve 20,2025-10-22,2026-10-22,Assigned
IT00034,TN0034,Monitor,Samsung 27-inch,2025-09-25,2028-09-24,Assigned
IT00035,TN0035,Laptop,HP EliteBook 840,2025-08-06,2028-08-05,Assigned
IT00036,TN0036,Mouse,Logitech M185,2025-05-29,2026-05-29,Assigned
IT00037,TN0037,Headset,Logitech H390,2024-07-03,2025-07-03,Assigned
IT00038,TN0038,Monitor,Samsung 27-inch,2024-09-08,2027-09-08,Assigned
IT00039,TN0039,Mouse,Dell MS116,2024-03-27,2027-03-27,Assigned
IT00040,TN0040,Mouse,Dell MS116,2025-08-26,2026-08-26,Assigned
IT00041,TN0041,Laptop,HP EliteBook 840,2024-12-14,2026-12-14,Assigned
IT00042,TN0042,Mouse,Dell MS116,2024-01-25,2027-01-24,Assigned
IT00043,TN0043,Mouse,Logitech M185,2024-09-20,2025-09-20,Assigned
IT00044,TN0044,Laptop,Lenovo ThinkPad E14,2025-07-08,2026-07-08,Assigned
IT00045,TN0045,Monitor,Dell 24-inch,2024-07-06,2026-07-06,Assigned
IT00046,TN0046,Monitor,Samsung 27-inch,2024-11-10,2026-11-10,Assigned
IT00047,TN0047,Monitor,LG 24-inch,2024-03-01,2027-03-01,Assigned
IT00048,TN0048,Monitor,Dell 24-inch,2024-01-28,2027-01-27,Assigned
IT00049,TN0049,Keyboard,Dell KB216,2025-02-03,2026-02-03,Assigned
IT00050,TN0050,Monitor,LG 24-inch,2025-02-26,2027-02-26,Assigned
IT00051,TN0051,Mouse,Logitech M185,2024-05-03,2025-05-03,Assigned
IT00052,TN0052,Monitor,Samsung 27-inch,2026-02-09,2029-02-08,Assigned
IT00053,TN0053,Monitor,Samsung 27-inch,2025-05-19,2028-05-18,Assigned
IT00054,TN0054,Mouse,Logitech M185,2024-04-27,2026-04-27,Assigned
IT00055,TN0055,Keyboard,Dell KB216,2025-04-20,2028-04-19,Assigned
IT00056,TN0056,Laptop,MacBook Air M2,2025-05-10,2026-05-10,Assigned
IT00057,TN0057,Monitor,Samsung 27-inch,2024-01-20,2026-01-19,Assigned
IT00058,TN0058,Headset,Jabra Evolve 20,2025-11-22,2026-11-22,Assigned
IT00059,TN0059,Headset,Logitech H390,2025-10-29,2026-10-29,Assigned
IT00060,TN0060,Headset,Jabra Evolve 20,2025-02-20,2027-02-20,Assigned
IT00061,TN0061,Headset,Logitech H390,2024-07-27,2025-07-27,Assigned
IT00062,TN0062,Headset,Logitech H390,2024-06-21,2025-06-21,Assigned
IT00063,TN0063,Headset,Jabra Evolve 20,2025-04-07,2026-04-07,Assigned
IT00064,TN0064,Mouse,Logitech M185,2025-09-27,2027-09-27,Assigned
IT00065,TN0065,Laptop,Lenovo ThinkPad E14,2024-03-02,2026-03-02,Assigned
IT00066,TN0066,Headset,Logitech H390,2024-09-13,2027-09-13,Assigned
IT00067,TN0067,Keyboard,Dell KB216,2025-10-09,2026-10-09,Assigned
IT00068,TN0068,Laptop,Dell Latitude 5440,2024-06-14,2027-06-14,Assigned
IT00069,TN0069,Keyboard,Logitech K120,2024-04-01,2026-04-01,Assigned
IT00070,TN0070,Monitor,LG 24-inch,2026-01-12,2029-01-11,Assigned
IT00071,TN0071,Mouse,Dell MS116,2024-08-03,2027-08-03,Assigned
IT00072,TN0072,Keyboard,Dell KB216,2025-10-12,2027-10-12,Assigned
IT00073,TN0073,Keyboard,Dell KB216,2024-09-08,2027-09-08,Assigned
IT00074,TN0074,Keyboard,Dell KB216,2024-08-03,2026-08-03,Assigned
IT00075,TN0075,Laptop,Dell Latitude 5440,2025-12-09,2026-12-09,Assigned
IT00076,TN0076,Headset,Jabra Evolve 20,2025-05-02,2026-05-02,Assigned
IT00077,TN0077,Monitor,Samsung 27-inch,2025-02-27,2028-02-27,Assigned
IT00078,TN0078,Mouse,Logitech M185,2026-02-19,2028-02-19,Assigned
IT00079,TN0079,Laptop,MacBook Air M2,2025-07-05,2026-07-05,Assigned
IT00080,TN0080,Laptop,Lenovo ThinkPad E14,2024-12-27,2026-12-27,Assigned
IT00081,TN0081,Mouse,Logitech M185,2024-06-30,2027-06-30,Assigned
IT00082,TN0082,Laptop,HP EliteBook 840,2025-04-18,2027-04-18,Assigned
IT00083,TN0083,Mouse,Logitech M185,2024-01-10,2025-01-09,Assigned
IT00084,TN0084,Keyboard,Dell KB216,2025-11-27,2028-11-26,Assigned
IT00085,TN0085,Monitor,Samsung 27-inch,2024-04-02,2027-04-02,Assigned
IT00086,TN0086,Keyboard,Logitech K120,2026-01-05,2027-01-05,Assigned
IT00087,TN0087,Mouse,Dell MS116,2025-01-06,2026-01-06,Assigned
IT00088,TN0088,Mouse,Logitech M185,2025-12-21,2028-12-20,Assigned
IT00089,TN0089,Laptop,MacBook Air M2,2024-07-19,2027-07-19,Assigned
IT00090,TN0090,Laptop,MacBook Air M2,2024-10-11,2027-10-11,Assigned
IT00091,TN0091,Monitor,Samsung 27-inch,2025-07-19,2026-07-19,Assigned
IT00092,TN0092,Headset,Jabra Evolve 20,2025-11-19,2028-11-18,Assigned
IT00093,TN0093,Laptop,Dell Latitude 5440,2025-08-25,2026-08-25,Assigned
IT00094,TN0094,Monitor,Dell 24-inch,2024-09-22,2027-09-22,Assigned
IT00095,TN0095,Headset,Jabra Evolve 20,2026-01-16,2028-01-16,Assigned
IT00096,TN0096,Laptop,Lenovo ThinkPad E14,2025-12-10,2028-12-09,Assigned
IT00097,TN0097,Headset,Logitech H390,2025-04-09,2026-04-09,Assigned
IT00098,TN0098,Laptop,MacBook Air M2,2024-11-26,2026-11-26,Assigned
IT00099,TN0099,Keyboard,Dell KB216,2024-05-04,2027-05-04,Assigned
IT00100,TN0100,Mouse,Logitech M185,2025-01-05,2028-01-05,Assigned
IT00101,TN0101,Monitor,LG 24-inch,2024-02-18,2026-02-17,Assigned
IT00102,TN0102,Headset,Jabra Evolve 20,2025-04-04,2027-04-04,Assigned
IT00103,TN0103,Mouse,Logitech M185,2024-07-18,2026-07-18,Assigned
IT00104,TN0104,Headset,Jabra Evolve 20,2024-01-26,2027-01-25,Assigned
IT00105,TN0105,Mouse,Logitech M185,2024-03-17,2025-03-17,Assigned
IT00106,TN0106,Monitor,Dell 24-inch,2024-12-03,2026-12-03,Assigned
IT00107,TN0107,Laptop,MacBook Air M2,2024-01-29,2026-01-28,Assigned
IT00108,TN0108,Laptop,Lenovo ThinkPad E14,2025-08-29,2028-08-28,Assigned
IT00109,TN0109,Keyboard,Dell KB216,2024-09-10,2025-09-10,Assigned
IT00110,TN0110,Monitor,LG 24-inch,2024-12-14,2025-12-14,Assigned
IT00111,TN0111,Headset,Logitech H390,2024-08-30,2025-08-30,Assigned
IT00112,TN0112,Laptop,Dell Latitude 5440,2025-10-02,2027-10-02,Assigned
IT00113,TN0113,Laptop,MacBook Air M2,2024-03-03,2025-03-03,Assigned
IT00114,TN0114,Keyboard,Logitech K120,2025-12-11,2026-12-11,Assigned
IT00115,TN0115,Laptop,Lenovo ThinkPad E14,2025-03-28,2026-03-28,Assigned
IT00116,TN0116,Headset,Jabra Evolve 20,2025-10-03,2027-10-03,Assigned
IT00117,TN0117,Laptop,Dell Latitude 5440,2025-11-24,2026-11-24,Assigned
IT00118,TN0118,Keyboard,Logitech K120,2025-01-25,2027-01-25,Assigned
IT00119,TN0119,Headset,Jabra Evolve 20,2026-02-09,2028-02-09,Assigned
IT00120,TN0120,Headset,Jabra Evolve 20,2025-11-06,2028-11-05,Assigned
IT00121,TN0121,Mouse,Dell MS116,2025-01-28,2027-01-28,Assigned
IT00122,TN0122,Headset,Logitech H390,2025-09-26,2026-09-26,Assigned
IT00123,TN0123,Laptop,Lenovo ThinkPad E14,2025-04-09,2028-04-08,Assigned
IT00124,TN0124,Headset,Jabra Evolve 20,2024-07-16,2025-07-16,Assigned
IT00125,TN0125,Laptop,Dell Latitude 5440,2025-09-01,2028-08-31,Assigned
IT00126,TN0126,Headset,Jabra Evolve 20,2024-07-17,2027-07-17,Assigned
IT00127,TN0127,Headset,Logitech H390,2024-09-19,2026-09-19,Assigned
IT00128,TN0128,Mouse,Dell MS116,2026-01-12,2029-01-11,Assigned
IT00129,TN0129,Monitor,Dell 24-inch,2024-09-05,2025-09-05,Assigned
IT00130,TN0130,Laptop,MacBook Air M2,2024-05-10,2026-05-10,Assigned
IT00131,TN0131,Headset,Logitech H390,2025-10-29,2027-10-29,Assigned
IT00132,TN0132,Headset,Jabra Evolve 20,2025-07-08,2026-07-08,Assigned
IT00133,TN0133,Mouse,Dell MS116,2024-11-12,2027-11-12,Assigned
IT00134,TN0134,Keyboard,Logitech K120,2025-01-12,2026-01-12,Assigned
IT00135,TN0135,Laptop,Dell Latitude 5440,2024-08-31,2027-08-31,Assigned
IT00136,TN0136,Mouse,Logitech M185,2024-12-18,2025-12-18,Assigned
IT00137,TN0137,Monitor,Dell 24-inch,2024-03-11,2026-03-11,Assigned
IT00138,TN0138,Mouse,Dell MS116,2025-12-12,2028-12-11,Assigned
IT00139,TN0139,Headset,Logitech H390,2025-12-10,2027-12-10,Assigned
IT00140,TN0140,Headset,Logitech H390,2024-11-02,2026-11-02,Assigned
IT00141,TN0141,Monitor,Dell 24-inch,2024-04-17,2026-04-17,Assigned
IT00142,TN0142,Mouse,Logitech M185,2024-08-12,2025-08-12,Assigned
IT00143,TN0143,Monitor,Dell 24-inch,2025-04-22,2028-04-21,Assigned
IT00144,TN0144,Monitor,LG 24-inch,2025-05-07,2028-05-06,Assigned
IT00145,TN0145,Mouse,Logitech M185,2024-07-29,2026-07-29,Assigned
IT00146,TN0146,Laptop,Dell Latitude 5440,2025-01-06,2026-01-06,Assigned
IT00147,TN0147,Keyboard,Logitech K120,2024-01-31,2027-01-30,Assigned
IT00148,TN0148,Monitor,Dell 24-inch,2024-10-24,2026-10-24,Assigned
IT00149,TN0149,Headset,Jabra Evolve 20,2026-02-22,2028-02-22,Assigned
IT00150,TN0150,Laptop,Lenovo ThinkPad E14,2024-07-22,2025-07-22,Assigned
IT00151,TN0151,Monitor,Samsung 27-inch,2024-08-12,2026-08-12,Assigned
IT00152,TN0152,Monitor,Dell 24-inch,2024-12-13,2027-12-13,Assigned
IT00153,TN0153,Monitor,Dell 24-inch,2024-07-19,2025-07-19,Assigned
IT00154,TN0154,Keyboard,Logitech K120,2024-04-13,2025-04-13,Assigned
IT00155,TN0155,Mouse,Dell MS116,2025-11-01,2026-11-01,Assigned
IT00156,TN0156,Monitor,Dell 24-inch,2024-11-08,2026-11-08,Assigned
IT00157,TN0157,Keyboard,Logitech K120,2025-01-16,2028-01-16,Assigned
IT00158,TN0158,Headset,Jabra Evolve 20,2025-09-30,2027-09-30,Assigned
IT00159,TN0159,Laptop,HP EliteBook 840,2024-05-27,2025-05-27,Assigned
IT00160,TN0160,Monitor,Samsung 27-inch,2025-06-29,2027-06-29,Assigned
IT00161,TN0161,Keyboard,Dell KB216,2024-11-21,2027-11-21,Assigned
IT00162,TN0162,Monitor,Samsung 27-inch,2024-02-17,2027-02-16,Assigned
IT00163,TN0163,Monitor,Dell 24-inch,2025-07-02,2027-07-02,Assigned
IT00164,TN0164,Keyboard,Dell KB216,2024-09-10,2025-09-10,Assigned
IT00165,TN0165,Monitor,LG 24-inch,2025-06-04,2028-06-03,Assigned
IT00166,TN0166,Monitor,LG 24-inch,2026-01-14,2027-01-14,Assigned
IT00167,TN0167,Headset,Logitech H390,2024-03-07,2025-03-07,Assigned
IT00168,TN0168,Headset,Logitech H390,2025-01-18,2027-01-18,Assigned
IT00169,TN0169,Monitor,LG 24-inch,2024-11-25,2027-11-25,Assigned
IT00170,TN0170,Headset,Logitech H390,2025-12-12,2027-12-12,Assigned
IT00171,TN0171,Mouse,Dell MS116,2024-10-01,2027-10-01,Assigned
IT00172,TN0172,Headset,Jabra Evolve 20,2025-10-27,2026-10-27,Assigned
IT00173,TN0173,Monitor,Dell 24-inch,2024-07-26,2026-07-26,Assigned
IT00174,TN0174,Mouse,Dell MS116,2024-08-11,2026-08-11,Assigned
IT00175,TN0175,Mouse,Dell MS116,2025-08-08,2026-08-08,Assigned
IT00176,TN0176,Keyboard,Logitech K120,2025-07-17,2026-07-17,Assigned
IT00177,TN0177,Laptop,Lenovo ThinkPad E14,2024-10-29,2026-10-29,Assigned
IT00178,TN0178,Monitor,LG 24-inch,2025-08-20,2026-08-20,Assigned
IT00179,TN0179,Headset,Logitech H390,2025-09-28,2027-09-28,Assigned
IT00180,TN0180,Mouse,Dell MS116,2025-04-23,2027-04-23,Assigned
IT00181,TN0181,Keyboard,Dell KB216,2025-05-24,2027-05-24,Assigned
IT00182,TN0182,Mouse,Dell MS116,2024-01-26,2025-01-25,Assigned
IT00183,TN0183,Monitor,Dell 24-inch,2024-09-28,2027-09-28,Assigned
IT00184,TN0184,Keyboard,Logitech K120,2024-03-25,2026-03-25,Assigned
IT00185,TN0185,Keyboard,Logitech K120,2024-08-21,2025-08-21,Assigned
IT00186,TN0186,Laptop,HP EliteBook 840,2025-01-03,2026-01-03,Assigned
IT00187,TN0187,Keyboard,Dell KB216,2024-07-20,2027-07-20,Assigned
IT00188,TN0188,Keyboard,Dell KB216,2024-11-05,2027-11-05,Assigned
IT00189,TN0189,Monitor,Dell 24-inch,2025-12-23,2028-12-22,Assigned
IT00190,TN0190,Headset,Logitech H390,2024-09-24,2025-09-24,Assigned
IT00191,TN0191,Keyboard,Dell KB216,2024-12-20,2026-12-20,Assigned
IT00192,TN0192,Headset,Jabra Evolve 20,2026-02-14,2029-02-13,Assigned
IT00193,TN0193,Mouse,Logitech M185,2025-10-31,2028-10-30,Assigned
IT00194,TN0194,Mouse,Logitech M185,2024-08-21,2025-08-21,Assigned
IT00195,TN0195,Mouse,Dell MS116,2024-08-27,2027-08-27,Assigned
IT00196,TN0196,Mouse,Dell MS116,2024-12-14,2025-12-14,Assigned
IT00197,TN0197,Monitor,LG 24-inch,2025-03-15,2028-03-14,Assigned
IT00198,TN0198,Monitor,Samsung 27-inch,2025-03-25,2027-03-25,Assigned
IT00199,TN0199,Laptop,HP EliteBook 840,2025-01-18,2026-01-18,Assigned
IT00200,TN0200,Keyboard,Dell KB216,2026-01-25,2027-01-25,Assigned
IT00201,TN0201,Keyboard,Dell KB216,2024-12-13,2025-12-13,Assigned
IT00202,TN0202,Mouse,Dell MS116,2025-12-03,2027-12-03,Assigned
IT00203,TN0203,Keyboard,Logitech K120,2025-08-24,2026-08-24,Assigned
IT00204,TN0204,Monitor,Samsung 27-inch,2024-06-06,2026-06-06,Assigned
IT00205,TN0205,Headset,Logitech H390,2025-09-14,2028-09-13,Assigned
IT00206,TN0206,Mouse,Logitech M185,2024-07-28,2026-07-28,Assigned
IT00207,TN0207,Headset,Logitech H390,2025-01-30,2026-01-30,Assigned
IT00208,TN0208,Laptop,MacBook Air M2,2024-12-02,2027-12-02,Assigned
IT00209,TN0209,Keyboard,Logitech K120,2024-04-05,2025-04-05,Assigned
IT00210,TN0210,Headset,Logitech H390,2024-06-30,2025-06-30,Assigned
IT00211,TN0211,Laptop,Dell Latitude 5440,2024-07-10,2025-07-10,Assigned
IT00212,TN0212,Mouse,Logitech M185,2024-10-17,2025-10-17,Assigned
IT00213,TN0213,Keyboard,Logitech K120,2025-11-06,2028-11-05,Assigned
IT00214,TN0214,Mouse,Logitech M185,2024-02-28,2026-02-27,Assigned
IT00215,TN0215,Monitor,LG 24-inch,2024-11-30,2026-11-30,Assigned
IT00216,TN0216,Monitor,Samsung 27-inch,2024-04-23,2025-04-23,Assigned
IT00217,TN0217,Mouse,Logitech M185,2025-05-04,2028-05-03,Assigned
IT00218,TN0218,Mouse,Logitech M185,2024-07-30,2025-07-30,Assigned
IT00219,TN0219,Keyboard,Dell KB216,2025-03-18,2028-03-17,Assigned
IT00220,TN0220,Monitor,LG 24-inch,2025-09-10,2028-09-09,Assigned
IT00221,TN0221,Headset,Logitech H390,2024-07-26,2027-07-26,Assigned
IT00222,TN0222,Keyboard,Logitech K120,2024-07-25,2025-07-25,Assigned
IT00223,TN0223,Mouse,Logitech M185,2024-03-06,2026-03-06,Assigned
IT00224,TN0224,Headset,Logitech H390,2024-12-02,2027-12-02,Assigned
IT00225,TN0225,Mouse,Logitech M185,2025-04-18,2028-04-17,Assigned
IT00226,TN0226,Laptop,MacBook Air M2,2024-10-21,2027-10-21,Assigned
IT00227,TN0227,Keyboard,Dell KB216,2025-12-18,2028-12-17,Assigned
IT00228,TN0228,Mouse,Dell MS116,2025-09-19,2026-09-19,Assigned
IT00229,TN0229,Monitor,Samsung 27-inch,2024-07-02,2027-07-02,Assigned
IT00230,TN0230,Mouse,Logitech M185,2025-04-13,2027-04-13,Assigned
IT00231,TN0231,Headset,Jabra Evolve 20,2024-04-07,2026-04-07,Assigned
IT00232,TN0232,Monitor,Samsung 27-inch,2024-06-10,2026-06-10,Assigned
IT00233,TN0233,Headset,Jabra Evolve 20,2024-10-25,2027-10-25,Assigned
IT00234,TN0234,Monitor,Samsung 27-inch,2025-05-20,2027-05-20,Assigned
IT00235,TN0235,Laptop,Dell Latitude 5440,2025-01-12,2026-01-12,Assigned
IT00236,TN0236,Headset,Logitech H390,2026-02-23,2028-02-23,Assigned
IT00237,TN0237,Mouse,Logitech M185,2024-06-17,2026-06-17,Assigned
IT00238,TN0238,Headset,Jabra Evolve 20,2024-02-15,2026-02-14,Assigned
IT00239,TN0239,Laptop,MacBook Air M2,2025-10-16,2028-10-15,Assigned
IT00240,TN0240,Mouse,Dell MS116,2024-12-17,2027-12-17,Assigned
IT00241,TN0241,Monitor,Dell 24-inch,2025-02-10,2026-02-10,Assigned
IT00242,TN0242,Keyboard,Logitech K120,2024-04-27,2027-04-27,Assigned
IT00243,TN0243,Keyboard,Dell KB216,2025-11-17,2028-11-16,Assigned
IT00244,TN0244,Mouse,Logitech M185,2025-04-17,2026-04-17,Assigned
IT00245,TN0245,Headset,Logitech H390,2025-11-03,2026-11-03,Assigned
IT00246,TN0246,Monitor,Dell 24-inch,2025-04-27,2027-04-27,Assigned
IT00247,TN0247,Monitor,Dell 24-inch,2024-01-19,2027-01-18,Assigned
IT00248,TN0248,Monitor,Samsung 27-inch,2024-10-28,2025-10-28,Assigned
IT00249,TN0249,Mouse,Logitech M185,2024-06-21,2025-06-21,Assigned
IT00250,TN0250,Keyboard,Dell KB216,2024-06-06,2026-06-06,Assigned
IT00251,TN0251,Monitor,Dell 24-inch,2024-08-09,2027-08-09,Assigned
IT00252,TN0252,Headset,Jabra Evolve 20,2024-08-09,2026-08-09,Assigned
IT00253,TN0253,Headset,Jabra Evolve 20,2025-10-18,2028-10-17,Assigned
IT00254,TN0254,Mouse,Dell MS116,2025-12-07,2027-12-07,Assigned
IT00255,TN0255,Laptop,Dell Latitude 5440,2025-09-04,2026-09-04,Assigned
IT00256,TN0256,Mouse,Logitech M185,2026-02-24,2027-02-24,Assigned
IT00257,TN0257,Keyboard,Logitech K120,2024-09-01,2025-09-01,Assigned
IT00258,TN0258,Laptop,Dell Latitude 5440,2025-03-07,2026-03-07,Assigned
IT00259,TN0259,Keyboard,Logitech K120,2024-07-15,2027-07-15,Assigned
IT00260,TN0260,Monitor,Dell 24-inch,2024-04-08,2027-04-08,Assigned
IT00261,TN0261,Monitor,Samsung 27-inch,2024-02-15,2026-02-14,Assigned
IT00262,TN0262,Laptop,HP EliteBook 840,2024-11-30,2026-11-30,Assigned
IT00263,TN0263,Headset,Logitech H390,2024-07-31,2027-07-31,Assigned
IT00264,TN0264,Mouse,Logitech M185,2024-05-03,2025-05-03,Assigned
IT00265,TN0265,Laptop,HP EliteBook 840,2024-12-31,2026-12-31,Assigned
IT00266,TN0266,Laptop,Lenovo ThinkPad E14,2025-02-15,2028-02-15,Assigned
IT00267,TN0267,Laptop,MacBook Air M2,2025-02-02,2026-02-02,Assigned
IT00268,TN0268,Monitor,LG 24-inch,2024-03-08,2027-03-08,Assigned
IT00269,TN0269,Headset,Jabra Evolve 20,2025-01-12,2026-01-12,Assigned
IT00270,TN0270,Monitor,Samsung 27-inch,2025-02-24,2027-02-24,Assigned
IT00271,TN0271,Mouse,Logitech M185,2024-04-14,2027-04-14,Assigned
IT00272,TN0272,Keyboard,Dell KB216,2024-04-07,2027-04-07,Assigned
IT00273,TN0273,Mouse,Logitech M185,2025-11-25,2028-11-24,Assigned
IT00274,TN0274,Keyboard,Dell KB216,2024-06-28,2027-06-28,Assigned
IT00275,TN0275,Mouse,Logitech M185,2024-03-10,2026-03-10,Assigned
IT00276,TN0276,Headset,Logitech H390,2025-08-22,2027-08-22,Assigned
IT00277,TN0277,Headset,Jabra Evolve 20,2025-10-17,2028-10-16,Assigned
IT00278,TN0278,Headset,Jabra Evolve 20,2025-08-24,2028-08-23,Assigned
IT00279,TN0279,Monitor,Dell 24-inch,2024-01-22,2027-01-21,Assigned
IT00280,TN0280,Keyboard,Dell KB216,2024-08-30,2027-08-30,Assigned
IT00281,TN0281,Monitor,Dell 24-inch,2025-09-26,2026-09-26,Assigned
IT00282,TN0282,Monitor,LG 24-inch,2025-01-18,2027-01-18,Assigned
IT00283,TN0283,Monitor,Dell 24-inch,2024-06-04,2026-06-04,Assigned
IT00284,TN0284,Laptop,MacBook Air M2,2024-08-31,2027-08-31,Assigned
IT00285,TN0285,Keyboard,Dell KB216,2024-05-17,2026-05-17,Assigned
IT00286,TN0286,Laptop,Lenovo ThinkPad E14,2025-06-17,2027-06-17,Assigned
IT00287,TN0287,Laptop,Lenovo ThinkPad E14,2024-08-22,2027-08-22,Assigned
IT00288,TN0288,Keyboard,Logitech K120,2024-09-05,2025-09-05,Assigned
IT00289,TN0289,Monitor,Samsung 27-inch,2025-12-04,2028-12-03,Assigned
IT00290,TN0290,Monitor,Samsung 27-inch,2025-09-14,2027-09-14,Assigned
IT00291,TN0291,Keyboard,Logitech K120,2024-07-06,2026-07-06,Assigned
IT00292,TN0292,Laptop,HP EliteBook 840,2025-05-18,2026-05-18,Assigned
IT00293,TN0293,Laptop,HP EliteBook 840,2025-10-11,2026-10-11,Assigned
IT00294,TN0294,Monitor,Samsung 27-inch,2024-04-03,2025-04-03,Assigned
IT00295,TN0295,Headset,Jabra Evolve 20,2024-07-28,2025-07-28,Assigned
IT00296,TN0296,Mouse,Dell MS116,2026-01-12,2028-01-12,Assigned
IT00297,TN0297,Monitor,Dell 24-inch,2026-01-08,2027-01-08,Assigned
IT00298,TN0298,Mouse,Logitech M185,2024-06-29,2027-06-29,Assigned
IT00299,TN0299,Keyboard,Dell KB216,2024-10-19,2027-10-19,Assigned
IT00300,TN0300,Monitor,Dell 24-inch,2024-10-05,2026-10-05,Assigned
IT00301,TN0301,Keyboard,Logitech K120,2025-02-11,2027-02-11,Assigned
IT00302,TN0302,Mouse,Dell MS116,2025-03-27,2027-03-27,Assigned
IT00303,TN0303,Monitor,LG 24-inch,2025-05-08,2026-05-08,Assigned
IT00304,TN0304,Mouse,Logitech M185,2024-03-26,2026-03-26,Assigned
IT00305,TN0305,Headset,Logitech H390,2026-01-14,2027-01-14,Assigned
IT00306,TN0306,Mouse,Dell MS116,2025-04-19,2027-04-19,Assigned
IT00307,TN0307,Keyboard,Dell KB216,2025-01-19,2028-01-19,Assigned
IT00308,TN0308,Laptop,MacBook Air M2,2024-12-07,2025-12-07,Assigned
IT00309,TN0309,Monitor,Dell 24-inch,2024-06-07,2025-06-07,Assigned
IT00310,TN0310,Laptop,Lenovo ThinkPad E14,2025-05-27,2028-05-26,Assigned
IT00311,TN0311,Mouse,Dell MS116,2025-02-18,2027-02-18,Assigned
IT00312,TN0312,Keyboard,Dell KB216,2025-01-28,2027-01-28,Assigned
IT00313,TN0313,Headset,Jabra Evolve 20,2024-03-13,2026-03-13,Assigned
IT00314,TN0314,Laptop,HP EliteBook 840,2025-01-29,2028-01-29,Assigned
IT00315,TN0315,Monitor,LG 24-inch,2026-02-20,2028-02-20,Assigned
IT00316,TN0316,Keyboard,Dell KB216,2025-06-05,2028-06-04,Assigned
IT00317,TN0317,Keyboard,Dell KB216,2025-12-14,2026-12-14,Assigned
IT00318,TN0318,Mouse,Logitech M185,2026-01-23,2027-01-23,Assigned
IT00319,TN0319,Mouse,Logitech M185,2024-02-05,2026-02-04,Assigned
IT00320,TN0320,Monitor,LG 24-inch,2024-09-24,2027-09-24,Assigned
IT00321,TN0321,Monitor,Samsung 27-inch,2024-09-17,2025-09-17,Assigned
IT00322,TN0322,Headset,Jabra Evolve 20,2025-11-09,2026-11-09,Assigned
IT00323,TN0323,Laptop,MacBook Air M2,2026-02-28,2027-02-28,Assigned
IT00324,TN0324,Mouse,Logitech M185,2025-12-24,2028-12-23,Assigned
IT00325,TN0325,Headset,Jabra Evolve 20,2024-07-12,2026-07-12,Assigned
IT00326,TN0326,Mouse,Dell MS116,2024-09-15,2027-09-15,Assigned
IT00327,TN0327,Headset,Logitech H390,2025-06-29,2028-06-28,Assigned
IT00328,TN0328,Headset,Logitech H390,2024-11-11,2027-11-11,Assigned
IT00329,TN0329,Laptop,Lenovo ThinkPad E14,2024-04-21,2027-04-21,Assigned
IT00330,TN0330,Monitor,Dell 24-inch,2024-10-02,2027-10-02,Assigned
IT00331,TN0331,Mouse,Logitech M185,2025-12-16,2027-12-16,Assigned
IT00332,TN0332,Monitor,Dell 24-inch,2025-05-18,2026-05-18,Assigned
IT00333,TN0333,Laptop,MacBook Air M2,2026-03-03,2029-03-02,Assigned
IT00334,TN0334,Headset,Logitech H390,2025-03-02,2028-03-01,Assigned
IT00335,TN0335,Mouse,Dell MS116,2024-06-23,2025-06-23,Assigned
IT00336,TN0336,Monitor,Dell 24-inch,2025-12-21,2026-12-21,Assigned
IT00337,TN0337,Mouse,Logitech M185,2024-07-05,2027-07-05,Assigned
IT00338,TN0338,Mouse,Logitech M185,2025-08-03,2026-08-03,Assigned
IT00339,TN0339,Monitor,Dell 24-inch,2024-03-01,2027-03-01,Assigned
IT00340,TN0340,Monitor,LG 24-inch,2024-09-22,2026-09-22,Assigned
IT00341,TN0341,Headset,Jabra Evolve 20,2024-04-21,2027-04-21,Assigned
IT00342,TN0342,Laptop,MacBook Air M2,2024-10-27,2025-10-27,Assigned
IT00343,TN0343,Laptop,Lenovo ThinkPad E14,2024-10-10,2025-10-10,Assigned
IT00344,TN0344,Laptop,MacBook Air M2,2025-08-22,2026-08-22,Assigned
IT00345,TN0345,Mouse,Logitech M185,2025-11-19,2026-11-19,Assigned
IT00346,TN0346,Laptop,Dell Latitude 5440,2024-09-29,2025-09-29,Assigned
IT00347,TN0347,Laptop,Dell Latitude 5440,2024-08-04,2027-08-04,Assigned
IT00348,TN0348,Mouse,Dell MS116,2025-09-09,2028-09-08,Assigned
IT00349,TN0349,Mouse,Dell MS116,2025-04-29,2027-04-29,Assigned
IT00350,TN0350,Keyboard,Dell KB216,2025-01-14,2028-01-14,Assigned
IT00351,TN0351,Keyboard,Dell KB216,2024-09-02,2026-09-02,Assigned
IT00352,TN0352,Mouse,Dell MS116,2025-09-17,2026-09-17,Assigned
IT00353,TN0353,Keyboard,Dell KB216,2024-04-12,2025-04-12,Assigned
IT00354,TN0354,Mouse,Logitech M185,2026-01-12,2027-01-12,Assigned
IT00355,TN0355,Headset,Logitech H390,2024-05-05,2027-05-05,Assigned
IT00356,TN0356,Monitor,Samsung 27-inch,2025-01-12,2027-01-12,Assigned
IT00357,TN0357,Mouse,Logitech M185,2025-06-11,2027-06-11,Assigned
IT00358,TN0358,Laptop,Dell Latitude 5440,2025-10-15,2027-10-15,Assigned
IT00359,TN0359,Keyboard,Dell KB216,2024-02-16,2027-02-15,Assigned
IT00360,TN0360,Mouse,Dell MS116,2024-08-27,2027-08-27,Assigned
IT00361,TN0361,Mouse,Logitech M185,2026-01-26,2029-01-25,Assigned
IT00362,TN0362,Keyboard,Logitech K120,2025-03-14,2027-03-14,Assigned
IT00363,TN0363,Mouse,Logitech M185,2024-10-27,2027-10-27,Assigned
IT00364,TN0364,Monitor,Samsung 27-inch,2025-06-16,2028-06-15,Assigned
IT00365,TN0365,Headset,Logitech H390,2024-02-02,2025-02-01,Assigned
IT00366,TN0366,Laptop,MacBook Air M2,2024-11-04,2027-11-04,Assigned
IT00367,TN0367,Monitor,LG 24-inch,2025-04-01,2026-04-01,Assigned
IT00368,TN0368,Headset,Jabra Evolve 20,2024-09-03,2025-09-03,Assigned
IT00369,TN0369,Monitor,Samsung 27-inch,2026-02-10,2029-02-09,Assigned
IT00370,TN0370,Laptop,Dell Latitude 5440,2024-04-18,2026-04-18,Assigned
IT00371,TN0371,Monitor,LG 24-inch,2024-11-30,2026-11-30,Assigned
IT00372,TN0372,Monitor,Samsung 27-inch,2026-01-06,2028-01-06,Assigned
IT00373,TN0373,Mouse,Logitech M185,2025-11-17,2026-11-17,Assigned
IT00374,TN0374,Headset,Logitech H390,2025-10-10,2028-10-09,Assigned
IT00375,TN0375,Laptop,HP EliteBook 840,2025-12-09,2027-12-09,Assigned
IT00376,TN0376,Headset,Jabra Evolve 20,2026-02-23,2029-02-22,Assigned
IT00377,TN0377,Keyboard,Dell KB216,2025-01-21,2028-01-21,Assigned
IT00378,TN0378,Headset,Jabra Evolve 20,2025-03-23,2026-03-23,Assigned
IT00379,TN0379,Keyboard,Logitech K120,2024-04-28,2026-04-28,Assigned
IT00380,TN0380,Laptop,HP EliteBook 840,2024-04-01,2026-04-01,Assigned
IT00381,TN0381,Laptop,HP EliteBook 840,2025-08-09,2027-08-09,Assigned
IT00382,TN0382,Keyboard,Logitech K120,2025-01-24,2028-01-24,Assigned
IT00383,TN0383,Keyboard,Logitech K120,2024-03-04,2027-03-04,Assigned
IT00384,TN0384,Mouse,Dell MS116,2025-03-09,2027-03-09,Assigned
IT00385,TN0385,Monitor,Samsung 27-inch,2025-06-16,2028-06-15,Assigned
IT00386,TN0386,Headset,Logitech H390,2024-08-15,2025-08-15,Assigned
IT00387,TN0387,Laptop,Lenovo ThinkPad E14,2025-07-05,2027-07-05,Assigned
IT00388,TN0388,Monitor,LG 24-inch,2024-10-30,2025-10-30,Assigned
IT00389,TN0389,Mouse,Dell MS116,2024-05-30,2027-05-30,Assigned
IT00390,TN0390,Monitor,Samsung 27-inch,2026-02-03,2029-02-02,Assigned
IT00391,TN0391,Laptop,Lenovo ThinkPad E14,2025-09-05,2027-09-05,Assigned
IT00392,TN0392,Headset,Logitech H390,2025-12-06,2026-12-06,Assigned
IT00393,TN0393,Headset,Jabra Evolve 20,2025-05-04,2028-05-03,Assigned
IT00394,TN0394,Mouse,Dell MS116,2024-10-25,2027-10-25,Assigned
IT00395,TN0395,Laptop,HP EliteBook 840,2024-12-07,2025-12-07,Assigned
IT00396,TN0396,Monitor,Dell 24-inch,2025-12-18,2028-12-17,Assigned
IT00397,TN0397,Monitor,LG 24-inch,2025-05-14,2028-05-13,Assigned
IT00398,TN0398,Keyboard,Logitech K120,2025-11-06,2026-11-06,Assigned
IT00399,TN0399,Headset,Logitech H390,2025-02-05,2027-02-05,Assigned
IT00400,TN0400,Mouse,Dell MS116,2024-12-22,2026-12-22,Assigned
IT00401,TN0401,Laptop,Lenovo ThinkPad E14,2025-06-24,2028-06-23,Assigned
IT00402,TN0402,Keyboard,Dell KB216,2025-12-14,2026-12-14,Assigned
IT00403,TN0403,Laptop,Dell Latitude 5440,2024-05-14,2026-05-14,Assigned
IT00404,TN0404,Keyboard,Logitech K120,2025-04-13,2028-04-12,Assigned
IT00405,TN0405,Headset,Logitech H390,2024-05-20,2026-05-20,Assigned
IT00406,TN0406,Keyboard,Logitech K120,2024-05-28,2025-05-28,Assigned
IT00407,TN0407,Monitor,Dell 24-inch,2026-01-22,2029-01-21,Assigned
IT00408,TN0408,Keyboard,Logitech K120,2026-01-13,2029-01-12,Assigned
IT00409,TN0409,Monitor,Samsung 27-inch,2025-01-20,2027-01-20,Assigned
IT00410,TN0410,Monitor,LG 24-inch,2024-02-27,2025-02-26,Assigned
IT00411,TN0411,Mouse,Logitech M185,2024-07-02,2025-07-02,Assigned
IT00412,TN0412,Headset,Logitech H390,2025-10-27,2027-10-27,Assigned
IT00413,TN0413,Monitor,LG 24-inch,2025-10-04,2028-10-03,Assigned
IT00414,TN0414,Monitor,Dell 24-inch,2024-02-04,2025-02-03,Assigned
IT00415,TN0415,Mouse,Logitech M185,2025-05-15,2027-05-15,Assigned
IT00416,TN0416,Mouse,Logitech M185,2026-03-05,2029-03-04,Assigned
IT00417,TN0417,Mouse,Dell MS116,2025-10-27,2027-10-27,Assigned
IT00418,TN0418,Mouse,Logitech M185,2025-01-11,2026-01-11,Assigned
IT00419,TN0419,Laptop,MacBook Air M2,2024-03-25,2025-03-25,Assigned
IT00420,TN0420,Headset,Logitech H390,2024-08-18,2025-08-18,Assigned
IT00421,TN0421,Keyboard,Logitech K120,2025-12-11,2028-12-10,Assigned
IT00422,TN0422,Headset,Logitech H390,2024-07-04,2026-07-04,Assigned
IT00423,TN0423,Mouse,Logitech M185,2024-11-01,2027-11-01,Assigned
IT00424,TN0424,Laptop,HP EliteBook 840,2024-11-29,2025-11-29,Assigned
IT00425,TN0425,Mouse,Dell MS116,2025-12-18,2026-12-18,Assigned
IT00426,TN0426,Headset,Logitech H390,2025-07-03,2028-07-02,Assigned
IT00427,TN0427,Laptop,Dell Latitude 5440,2025-06-15,2028-06-14,Assigned
IT00428,TN0428,Monitor,Dell 24-inch,2025-11-05,2026-11-05,Assigned
IT00429,TN0429,Headset,Jabra Evolve 20,2025-12-12,2026-12-12,Assigned
IT00430,TN0430,Headset,Jabra Evolve 20,2025-04-02,2027-04-02,Assigned
IT00431,TN0431,Laptop,HP EliteBook 840,2024-05-11,2027-05-11,Assigned
IT00432,TN0432,Monitor,LG 24-inch,2024-03-30,2027-03-30,Assigned
IT00433,TN0433,Laptop,Lenovo ThinkPad E14,2024-03-27,2025-03-27,Assigned
IT00434,TN0434,Keyboard,Dell KB216,2025-07-11,2026-07-11,Assigned
IT00435,TN0435,Laptop,Dell Latitude 5440,2024-09-11,2026-09-11,Assigned
IT00436,TN0436,Headset,Logitech H390,2024-10-27,2027-10-27,Assigned
IT00437,TN0437,Monitor,Samsung 27-inch,2025-08-13,2027-08-13,Assigned
IT00438,TN0438,Keyboard,Logitech K120,2025-06-19,2027-06-19,Assigned
IT00439,TN0439,Laptop,HP EliteBook 840,2025-11-09,2026-11-09,Assigned
IT00440,TN0440,Laptop,Lenovo ThinkPad E14,2024-07-11,2025-07-11,Assigned
IT00441,TN0441,Monitor,Samsung 27-inch,2024-05-17,2027-05-17,Assigned
IT00442,TN0442,Monitor,LG 24-inch,2025-08-28,2027-08-28,Assigned
IT00443,TN0443,Monitor,LG 24-inch,2026-01-16,2029-01-15,Assigned
IT00444,TN0444,Laptop,Lenovo ThinkPad E14,2025-07-17,2027-07-17,Assigned
IT00445,TN0445,Mouse,Dell MS116,2025-10-27,2026-10-27,Assigned
IT00446,TN0446,Mouse,Dell MS116,2024-03-26,2026-03-26,Assigned
IT00447,TN0447,Monitor,Dell 24-inch,2025-07-02,2026-07-02,Assigned
IT00448,TN0448,Keyboard,Logitech K120,2025-10-10,2028-10-09,Assigned
IT00449,TN0449,Keyboard,Logitech K120,2025-07-31,2028-07-30,Assigned
IT00450,TN0450,Mouse,Dell MS116,2024-06-06,2026-06-06,Assigned
IT00451,TN0451,Mouse,Logitech M185,2024-01-27,2027-01-26,Assigned
IT00452,TN0452,Laptop,Dell Latitude 5440,2024-10-03,2025-10-03,Assigned
IT00453,TN0453,Headset,Logitech H390,2025-02-20,2026-02-20,Assigned
IT00454,TN0454,Laptop,Lenovo ThinkPad E14,2025-01-06,2027-01-06,Assigned
IT00455,TN0455,Monitor,Dell 24-inch,2024-08-19,2026-08-19,Assigned
IT00456,TN0456,Laptop,MacBook Air M2,2025-01-21,2026-01-21,Assigned
IT00457,TN0457,Laptop,Lenovo ThinkPad E14,2024-05-06,2025-05-06,Assigned
IT00458,TN0458,Headset,Logitech H390,2025-05-16,2026-05-16,Assigned
IT00459,TN0459,Headset,Logitech H390,2024-10-15,2027-10-15,Assigned
IT00460,TN0460,Headset,Jabra Evolve 20,2024-04-11,2025-04-11,Assigned
IT00461,TN0461,Keyboard,Logitech K120,2026-02-08,2028-02-08,Assigned
IT00462,TN0462,Keyboard,Dell KB216,2026-01-29,2029-01-28,Assigned
IT00463,TN0463,Mouse,Dell MS116,2025-08-29,2026-08-29,Assigned
IT00464,TN0464,Laptop,HP EliteBook 840,2025-12-04,2028-12-03,Assigned
IT00465,TN0465,Monitor,Samsung 27-inch,2024-05-26,2026-05-26,Assigned
IT00466,TN0466,Keyboard,Dell KB216,2024-02-24,2027-02-23,Assigned
IT00467,TN0467,Monitor,LG 24-inch,2025-11-25,2028-11-24,Assigned
IT00468,TN0468,Mouse,Dell MS116,2024-07-06,2026-07-06,Assigned
IT00469,TN0469,Mouse,Dell MS116,2025-05-29,2027-05-29,Assigned
IT00470,TN0470,Mouse,Logitech M185,2025-06-17,2028-06-16,Assigned
IT00471,TN0471,Keyboard,Dell KB216,2025-10-12,2026-10-12,Assigned
IT00472,TN0472,Mouse,Logitech M185,2026-02-28,2028-02-28,Assigned
IT00473,TN0473,Laptop,HP EliteBook 840,2024-03-19,2027-03-19,Assigned
IT00474,TN0474,Laptop,Dell Latitude 5440,2024-06-18,2027-06-18,Assigned
IT00475,TN0475,Laptop,MacBook Air M2,2026-01-31,2028-01-31,Assigned
IT00476,TN0476,Laptop,HP EliteBook 840,2025-03-10,2028-03-09,Assigned
IT00477,TN0477,Mouse,Logitech M185,2025-05-24,2028-05-23,Assigned
IT00478,TN0478,Mouse,Logitech M185,2024-01-15,2027-01-14,Assigned
IT00479,TN0479,Laptop,Lenovo ThinkPad E14,2026-01-01,2028-01-01,Assigned
IT00480,TN0480,Monitor,Samsung 27-inch,2026-01-26,2029-01-25,Assigned
IT00481,TN0481,Headset,Logitech H390,2024-02-13,2027-02-12,Assigned
IT00482,TN0482,Monitor,Dell 24-inch,2025-11-21,2028-11-20,Assigned
IT00483,TN0483,Monitor,Dell 24-inch,2024-03-17,2026-03-17,Assigned
IT00484,TN0484,Headset,Logitech H390,2024-12-27,2025-12-27,Assigned
IT00485,TN0485,Mouse,Dell MS116,2025-01-23,2026-01-23,Assigned
IT00486,TN0486,Laptop,HP EliteBook 840,2024-12-12,2027-12-12,Assigned
IT00487,TN0487,Headset,Logitech H390,2026-02-23,2027-02-23,Assigned
IT00488,TN0488,Keyboard,Dell KB216,2025-05-09,2027-05-09,Assigned
IT00489,TN0489,Monitor,Samsung 27-inch,2024-01-03,2027-01-02,Assigned
IT00490,TN0490,Headset,Logitech H390,2025-02-07,2026-02-07,Assigned
IT00491,TN0491,Headset,Logitech H390,2024-02-06,2026-02-05,Assigned
IT00492,TN0492,Laptop,MacBook Air M2,2024-12-30,2025-12-30,Assigned
IT00493,TN0493,Keyboard,Logitech K120,2024-11-01,2026-11-01,Assigned
IT00494,TN0494,Laptop,HP EliteBook 840,2024-12-24,2027-12-24,Assigned
IT00495,TN0495,Mouse,Logitech M185,2024-12-29,2025-12-29,Assigned
IT00496,TN0496,Mouse,Logitech M185,2025-05-18,2026-05-18,Assigned
IT00497,TN0497,Headset,Logitech H390,2025-06-10,2026-06-10,Assigned
IT00498,TN0498,Laptop,HP EliteBook 840,2025-05-14,2026-05-14,Assigned
IT00499,TN0499,Keyboard,Dell KB216,2024-08-19,2026-08-19,Assigned
IT00500,TN0500,Keyboard,Dell KB216,2024-11-02,2026-11-02,Assigned
